path,true_label,cnn_pred,vit_pred,cnn_correct,vit_correct,agree
data/rice_cls/bacterial_blight/BACTERAILBLIGHT3_065.jpg,bacterial_blight,bacterial_blight,bacterial_blight,True,True,True
data/rice_cls/bacterial_blight/BACTERAILBLIGHT3_139.JPG,bacterial_blight,bacterial_blight,bacterial_blight,True,True,True
data/rice_cls/bacterial_blight/BACTERAILBLIGHT4_205.JPG,bacterial_blight,bacterial_blight,bacterial_blight,True,True,True
data/rice_cls/bacterial_blight/BACTERAILBLIGHT3_121.jpg,bacterial_blight,bacterial_blight,bacterial_blight,True,True,True
data/rice_cls/bacterial_blight/BACTERIALBLIGHT2_237.JPG,bacterial_blight,bacterial_blight,bacterial_blight,True,True,True
data/rice_cls/bacterial_blight/BACTERAILBLIGHT3_146.JPG,bacterial_blight,bacterial_blight,bacterial_blight,True,True,True
data/rice_cls/bacterial_blight/BACTERAILBLIGHT3_015.jpg,bacterial_blight,bacterial_blight,bacterial_blight,True,True,True
data/rice_cls/bacterial_blight/BACTERIALBLIGHT_233.JPG,bacterial_blight,bacterial_blight,bacterial_blight,True,True,True
data/rice_cls/bacterial_blight/BACTERIALBLIGHT2_150.jpg,bacterial_blight,bacterial_blight,bacterial_blight,True,True,True
data/rice_cls/bacterial_blight/BACTERAILBLIGHT4_208.jpg,bacterial_blight,bacterial_blight,bacterial_blight,True,True,True
data/rice_cls/bacterial_blight/BACTERIALBLIGHT2_079.JPG,bacterial_blight,bacterial_blight,bacterial_blight,True,True,True
data/rice_cls/bacterial_blight/BACTERIALBLIGHT2_149.jpg,bacterial_blight,bacterial_blight,bacterial_blight,True,True,True
data/rice_cls/bacterial_blight/BACTERAILBLIGHT3_044.jpg,bacterial_blight,bacterial_blight,bacterial_blight,True,True,True
data/rice_cls/bacterial_blight/BACTERAILBLIGHT5_165.jpg,bacterial_blight,bacterial_blight,bacterial_blight,True,True,True
data/rice_cls/bacterial_blight/BACTERAILBLIGHT3_132.JPG,bacterial_blight,bacterial_blight,bacterial_blight,True,True,True
data/rice_cls/bacterial_blight/BACTERAILBLIGHT4_197.jpg,bacterial_blight,bacterial_blight,bacterial_blight,True,True,True
data/rice_cls/bacterial_blight/BACTERAILBLIGHT4_244.jpg,bacterial_blight,bacterial_blight,bacterial_blight,True,True,True
data/rice_cls/bacterial_blight/BACTERAILBLIGHT3_248.jpg,bacterial_blight,bacterial_blight,bacterial_blight,True,True,True
data/rice_cls/bacterial_blight/BACTERIALBLIGHT1_133.JPG,bacterial_blight,bacterial_blight,bacterial_blight,True,True,True
data/rice_cls/bacterial_blight/BACTERIALBLIGHT2_004.jpg,bacterial_blight,bacterial_blight,bacterial_blight,True,True,True
data/rice_cls/bacterial_blight/BACTERIALBLIGHT1_106.jpg,bacterial_blight,bacterial_blight,bacterial_blight,True,True,True
data/rice_cls/bacterial_blight/BACTERAILBLIGHT5_237.JPG,bacterial_blight,bacterial_blight,bacterial_blight,True,True,True
data/rice_cls/bacterial_blight/BACTERIALBLIGHT_237.JPG,bacterial_blight,bacterial_blight,bacterial_blight,True,True,True
data/rice_cls/bacterial_blight/BACTERIALBLIGHT_133.JPG,bacterial_blight,bacterial_blight,bacterial_blight,True,True,True
data/rice_cls/bacterial_blight/BACTERAILBLIGHT5_111.jpg,bacterial_blight,bacterial_blight,bacterial_blight,True,True,True
data/rice_cls/bacterial_blight/BACTERAILBLIGHT4_148.jpg,bacterial_blight,bacterial_blight,bacterial_blight,True,True,True
data/rice_cls/bacterial_blight/BACTERIALBLIGHT_082.jpg,bacterial_blight,bacterial_blight,bacterial_blight,True,True,True
data/rice_cls/bacterial_blight/BACTERAILBLIGHT4_170.jpg,bacterial_blight,bacterial_blight,bacterial_blight,True,True,True
data/rice_cls/bacterial_blight/BACTERIALBLIGHT1_075.jpg,bacterial_blight,bacterial_blight,bacterial_blight,True,True,True
data/rice_cls/bacterial_blight/BACTERIALBLIGHT2_187.jpg,bacterial_blight,bacterial_blight,bacterial_blight,True,True,True
data/rice_cls/bacterial_blight/BACTERIALBLIGHT2_025.jpg,bacterial_blight,bacterial_blight,bacterial_blight,True,True,True
data/rice_cls/bacterial_blight/BACTERIALBLIGHT_142.JPG,bacterial_blight,bacterial_blight,bacterial_blight,True,True,True
data/rice_cls/bacterial_blight/BACTERAILBLIGHT4_075.jpg,bacterial_blight,bacterial_blight,bacterial_blight,True,True,True
data/rice_cls/bacterial_blight/BACTERIALBLIGHT2_070.jpg,bacterial_blight,bacterial_blight,bacterial_blight,True,True,True
data/rice_cls/bacterial_blight/BACTERIALBLIGHT1_182.jpg,bacterial_blight,bacterial_blight,bacterial_blight,True,True,True
data/rice_cls/bacterial_blight/BACTERIALBLIGHT_032.jpg,bacterial_blight,bacterial_blight,bacterial_blight,True,True,True
data/rice_cls/bacterial_blight/BACTERAILBLIGHT3_263.jpg,bacterial_blight,bacterial_blight,bacterial_blight,True,True,True
data/rice_cls/bacterial_blight/BACTERAILBLIGHT3_258.jpg,bacterial_blight,bacterial_blight,bacterial_blight,True,True,True
data/rice_cls/bacterial_blight/BACTERIALBLIGHT2_035.jpg,bacterial_blight,bacterial_blight,bacterial_blight,True,True,True
data/rice_cls/bacterial_blight/BACTERAILBLIGHT3_142.JPG,bacterial_blight,bacterial_blight,bacterial_blight,True,True,True
data/rice_cls/bacterial_blight/BACTERIALBLIGHT1_204.JPG,bacterial_blight,bacterial_blight,bacterial_blight,True,True,True
data/rice_cls/bacterial_blight/BACTERAILBLIGHT3_176.jpg,bacterial_blight,bacterial_blight,bacterial_blight,True,True,True
data/rice_cls/bacterial_blight/BACTERIALBLIGHT_206.JPG,bacterial_blight,bacterial_blight,bacterial_blight,True,True,True
data/rice_cls/bacterial_blight/BACTERIALBLIGHT_151.jpg,bacterial_blight,bacterial_blight,bacterial_blight,True,True,True
data/rice_cls/bacterial_blight/BACTERAILBLIGHT4_230.JPG,bacterial_blight,bacterial_blight,bacterial_blight,True,True,True
data/rice_cls/bacterial_blight/BACTERAILBLIGHT3_119.jpg,bacterial_blight,bacterial_blight,bacterial_blight,True,True,True
data/rice_cls/bacterial_blight/BACTERAILBLIGHT4_227.jpg,bacterial_blight,bacterial_blight,bacterial_blight,True,True,True
data/rice_cls/bacterial_blight/BACTERAILBLIGHT5_102.jpg,bacterial_blight,bacterial_blight,bacterial_blight,True,True,True
data/rice_cls/bacterial_blight/BACTERAILBLIGHT5_216.jpg,bacterial_blight,bacterial_blight,bacterial_blight,True,True,True
data/rice_cls/bacterial_blight/BACTERAILBLIGHT3_230.JPG,bacterial_blight,bacterial_blight,bacterial_blight,True,True,True
data/rice_cls/bacterial_blight/BACTERAILBLIGHT3_040.jpg,bacterial_blight,bacterial_blight,bacterial_blight,True,True,True
data/rice_cls/bacterial_blight/BACTERIALBLIGHT1_209.jpg,bacterial_blight,bacterial_blight,bacterial_blight,True,True,True
data/rice_cls/bacterial_blight/BACTERAILBLIGHT5_136.JPG,bacterial_blight,bacterial_blight,bacterial_blight,True,True,True
data/rice_cls/bacterial_blight/BACTERIALBLIGHT2_171.jpg,bacterial_blight,bacterial_blight,bacterial_blight,True,True,True
data/rice_cls/bacterial_blight/BACTERAILBLIGHT3_002.jpg,bacterial_blight,bacterial_blight,bacterial_blight,True,True,True
data/rice_cls/bacterial_blight/BACTERIALBLIGHT2_031.jpg,bacterial_blight,bacterial_blight,bacterial_blight,True,True,True
data/rice_cls/bacterial_blight/BACTERIALBLIGHT2_049.jpg,bacterial_blight,bacterial_blight,bacterial_blight,True,True,True
data/rice_cls/bacterial_blight/BACTERAILBLIGHT4_067.jpg,bacterial_blight,bacterial_blight,bacterial_blight,True,True,True
data/rice_cls/bacterial_blight/BACTERAILBLIGHT5_238.JPG,bacterial_blight,bacterial_blight,bacterial_blight,True,True,True
data/rice_cls/bacterial_blight/BACTERIALBLIGHT_124.jpg,bacterial_blight,bacterial_blight,bacterial_blight,True,True,True
data/rice_cls/bacterial_blight/BACTERIALBLIGHT_239.JPG,bacterial_blight,bacterial_blight,bacterial_blight,True,True,True
data/rice_cls/bacterial_blight/BACTERIALBLIGHT_174.jpg,bacterial_blight,bacterial_blight,bacterial_blight,True,True,True
data/rice_cls/bacterial_blight/BACTERIALBLIGHT_093.jpg,bacterial_blight,bacterial_blight,bacterial_blight,True,True,True
data/rice_cls/bacterial_blight/BACTERIALBLIGHT2_253.jpg,bacterial_blight,bacterial_blight,bacterial_blight,True,True,True
data/rice_cls/bacterial_blight/BACTERAILBLIGHT5_084.jpg,bacterial_blight,bacterial_blight,bacterial_blight,True,True,True
data/rice_cls/bacterial_blight/BACTERIALBLIGHT2_225.jpg,bacterial_blight,bacterial_blight,bacterial_blight,True,True,True
data/rice_cls/bacterial_blight/BACTERAILBLIGHT3_218.jpg,bacterial_blight,bacterial_blight,bacterial_blight,True,True,True
data/rice_cls/bacterial_blight/BACTERIALBLIGHT1_248.jpg,bacterial_blight,bacterial_blight,bacterial_blight,True,True,True
data/rice_cls/bacterial_blight/BACTERAILBLIGHT4_102.jpg,bacterial_blight,bacterial_blight,bacterial_blight,True,True,True
data/rice_cls/bacterial_blight/BACTERIALBLIGHT1_234.JPG,bacterial_blight,bacterial_blight,bacterial_blight,True,True,True
data/rice_cls/bacterial_blight/BACTERAILBLIGHT5_012.jpg,bacterial_blight,bacterial_blight,bacterial_blight,True,True,True
data/rice_cls/bacterial_blight/BACTERAILBLIGHT3_007.jpg,bacterial_blight,bacterial_blight,bacterial_blight,True,True,True
data/rice_cls/bacterial_blight/BACTERIALBLIGHT1_138.JPG,bacterial_blight,bacterial_blight,bacterial_blight,True,True,True
data/rice_cls/bacterial_blight/BACTERAILBLIGHT4_060.jpg,bacterial_blight,bacterial_blight,bacterial_blight,True,True,True
data/rice_cls/bacterial_blight/BACTERIALBLIGHT1_099.jpg,bacterial_blight,brown_spot,bacterial_blight,False,True,False
data/rice_cls/bacterial_blight/BACTERAILBLIGHT5_074.jpg,bacterial_blight,bacterial_blight,bacterial_blight,True,True,True
data/rice_cls/bacterial_blight/BACTERIALBLIGHT_263.jpg,bacterial_blight,bacterial_blight,bacterial_blight,True,True,True
data/rice_cls/bacterial_blight/BACTERIALBLIGHT_225.jpg,bacterial_blight,bacterial_blight,bacterial_blight,True,True,True
data/rice_cls/bacterial_blight/BACTERIALBLIGHT2_257.jpg,bacterial_blight,bacterial_blight,bacterial_blight,True,True,True
data/rice_cls/bacterial_blight/BACTERIALBLIGHT_179.JPG,bacterial_blight,bacterial_blight,bacterial_blight,True,True,True
data/rice_cls/bacterial_blight/BACTERIALBLIGHT2_044.jpg,bacterial_blight,bacterial_blight,bacterial_blight,True,True,True
data/rice_cls/bacterial_blight/BACTERIALBLIGHT_077.jpg,bacterial_blight,bacterial_blight,bacterial_blight,True,True,True
data/rice_cls/bacterial_blight/BACTERAILBLIGHT3_235.JPG,bacterial_blight,bacterial_blight,bacterial_blight,True,True,True
data/rice_cls/bacterial_blight/BACTERIALBLIGHT_121.jpg,bacterial_blight,bacterial_blight,bacterial_blight,True,True,True
data/rice_cls/bacterial_blight/BACTERAILBLIGHT3_024.jpg,bacterial_blight,bacterial_blight,bacterial_blight,True,True,True
data/rice_cls/bacterial_blight/BACTERIALBLIGHT2_078.jpg,bacterial_blight,bacterial_blight,bacterial_blight,True,True,True
data/rice_cls/bacterial_blight/BACTERAILBLIGHT4_251.jpg,bacterial_blight,bacterial_blight,bacterial_blight,True,True,True
data/rice_cls/bacterial_blight/BACTERIALBLIGHT2_028.jpg,bacterial_blight,bacterial_blight,bacterial_blight,True,True,True
data/rice_cls/bacterial_blight/BACTERIALBLIGHT1_167.jpg,bacterial_blight,bacterial_blight,bacterial_blight,True,True,True
data/rice_cls/bacterial_blight/BACTERIALBLIGHT2_165.jpg,bacterial_blight,bacterial_blight,bacterial_blight,True,True,True
data/rice_cls/bacterial_blight/BACTERAILBLIGHT5_254.jpg,bacterial_blight,bacterial_blight,bacterial_blight,True,True,True
data/rice_cls/bacterial_blight/BACTERAILBLIGHT5_261.jpg,bacterial_blight,bacterial_blight,bacterial_blight,True,True,True
data/rice_cls/bacterial_blight/BACTERAILBLIGHT3_131.jpg,bacterial_blight,bacterial_blight,bacterial_blight,True,True,True
data/rice_cls/bacterial_blight/BACTERIALBLIGHT2_166.jpg,bacterial_blight,bacterial_blight,bacterial_blight,True,True,True
data/rice_cls/bacterial_blight/BACTERIALBLIGHT_249.jpg,bacterial_blight,bacterial_blight,bacterial_blight,True,True,True
data/rice_cls/bacterial_blight/BACTERIALBLIGHT_074.jpg,bacterial_blight,bacterial_blight,bacterial_blight,True,True,True
data/rice_cls/bacterial_blight/BACTERAILBLIGHT4_064.jpg,bacterial_blight,bacterial_blight,bacterial_blight,True,True,True
data/rice_cls/bacterial_blight/BACTERIALBLIGHT2_230.JPG,bacterial_blight,bacterial_blight,bacterial_blight,True,True,True
data/rice_cls/bacterial_blight/BACTERAILBLIGHT4_050.jpg,bacterial_blight,bacterial_blight,bacterial_blight,True,True,True
data/rice_cls/bacterial_blight/BACTERAILBLIGHT3_225.jpg,bacterial_blight,bacterial_blight,bacterial_blight,True,True,True
data/rice_cls/bacterial_blight/BACTERAILBLIGHT3_097.jpg,bacterial_blight,bacterial_blight,bacterial_blight,True,True,True
data/rice_cls/bacterial_blight/BACTERAILBLIGHT3_187.jpg,bacterial_blight,bacterial_blight,bacterial_blight,True,True,True
data/rice_cls/bacterial_blight/BACTERIALBLIGHT1_219.jpg,bacterial_blight,bacterial_blight,bacterial_blight,True,True,True
data/rice_cls/bacterial_blight/BACTERIALBLIGHT1_252.jpg,bacterial_blight,bacterial_blight,bacterial_blight,True,True,True
data/rice_cls/bacterial_blight/BACTERAILBLIGHT4_020.jpg,bacterial_blight,bacterial_blight,bacterial_blight,True,True,True
data/rice_cls/bacterial_blight/BACTERIALBLIGHT_162.jpg,bacterial_blight,bacterial_blight,bacterial_blight,True,True,True
data/rice_cls/bacterial_blight/BACTERAILBLIGHT5_214.jpg,bacterial_blight,bacterial_blight,bacterial_blight,True,True,True
data/rice_cls/bacterial_blight/BACTERIALBLIGHT1_026.jpg,bacterial_blight,brown_spot,bacterial_blight,False,True,False
data/rice_cls/bacterial_blight/BACTERIALBLIGHT2_140.JPG,bacterial_blight,bacterial_blight,bacterial_blight,True,True,True
data/rice_cls/bacterial_blight/BACTERIALBLIGHT1_086.jpg,bacterial_blight,bacterial_blight,bacterial_blight,True,True,True
data/rice_cls/bacterial_blight/BACTERIALBLIGHT2_142.JPG,bacterial_blight,bacterial_blight,bacterial_blight,True,True,True
data/rice_cls/bacterial_blight/BACTERAILBLIGHT5_011.jpg,bacterial_blight,bacterial_blight,bacterial_blight,True,True,True
data/rice_cls/bacterial_blight/BACTERIALBLIGHT2_048.jpg,bacterial_blight,bacterial_blight,bacterial_blight,True,True,True
data/rice_cls/bacterial_blight/BACTERIALBLIGHT_240.JPG,bacterial_blight,bacterial_blight,bacterial_blight,True,True,True
data/rice_cls/bacterial_blight/BACTERAILBLIGHT4_242.JPG,bacterial_blight,bacterial_blight,bacterial_blight,True,True,True
data/rice_cls/bacterial_blight/BACTERIALBLIGHT_257.jpg,bacterial_blight,bacterial_blight,bacterial_blight,True,True,True
data/rice_cls/bacterial_blight/BACTERAILBLIGHT5_015.jpg,bacterial_blight,bacterial_blight,bacterial_blight,True,True,True
data/rice_cls/bacterial_blight/BACTERAILBLIGHT4_029.jpg,bacterial_blight,bacterial_blight,bacterial_blight,True,True,True
data/rice_cls/bacterial_blight/BACTERIALBLIGHT1_148.jpg,bacterial_blight,bacterial_blight,bacterial_blight,True,True,True
data/rice_cls/bacterial_blight/BACTERIALBLIGHT2_261.jpg,bacterial_blight,bacterial_blight,bacterial_blight,True,True,True
data/rice_cls/bacterial_blight/BACTERIALBLIGHT1_019.jpg,bacterial_blight,bacterial_blight,bacterial_blight,True,True,True
data/rice_cls/bacterial_blight/BACTERIALBLIGHT1_231.JPG,bacterial_blight,bacterial_blight,bacterial_blight,True,True,True
data/rice_cls/bacterial_blight/BACTERIALBLIGHT_023.jpg,bacterial_blight,bacterial_blight,bacterial_blight,True,True,True
data/rice_cls/bacterial_blight/BACTERAILBLIGHT4_172.jpg,bacterial_blight,bacterial_blight,bacterial_blight,True,True,True
data/rice_cls/bacterial_blight/BACTERAILBLIGHT5_117.jpg,bacterial_blight,bacterial_blight,bacterial_blight,True,True,True
data/rice_cls/bacterial_blight/BACTERIALBLIGHT2_106.jpg,bacterial_blight,bacterial_blight,bacterial_blight,True,True,True
data/rice_cls/bacterial_blight/BACTERAILBLIGHT4_169.jpg,bacterial_blight,bacterial_blight,bacterial_blight,True,True,True
data/rice_cls/bacterial_blight/BACTERAILBLIGHT3_136.JPG,bacterial_blight,bacterial_blight,bacterial_blight,True,True,True
data/rice_cls/bacterial_blight/BACTERAILBLIGHT5_021.jpg,bacterial_blight,bacterial_blight,bacterial_blight,True,True,True
data/rice_cls/bacterial_blight/BACTERIALBLIGHT1_030.jpg,bacterial_blight,bacterial_blight,bacterial_blight,True,True,True
data/rice_cls/bacterial_blight/BACTERAILBLIGHT5_119.jpg,bacterial_blight,bacterial_blight,bacterial_blight,True,True,True
data/rice_cls/bacterial_blight/BACTERIALBLIGHT_248.jpg,bacterial_blight,bacterial_blight,bacterial_blight,True,True,True
data/rice_cls/bacterial_blight/BACTERAILBLIGHT4_206.JPG,bacterial_blight,bacterial_blight,bacterial_blight,True,True,True
data/rice_cls/bacterial_blight/BACTERAILBLIGHT3_115.jpg,bacterial_blight,bacterial_blight,bacterial_blight,True,True,True
data/rice_cls/bacterial_blight/BACTERAILBLIGHT5_137.JPG,bacterial_blight,bacterial_blight,bacterial_blight,True,True,True
data/rice_cls/bacterial_blight/BACTERIALBLIGHT_083.jpg,bacterial_blight,bacterial_blight,bacterial_blight,True,True,True
data/rice_cls/bacterial_blight/BACTERAILBLIGHT4_186.jpg,bacterial_blight,bacterial_blight,bacterial_blight,True,True,True
data/rice_cls/bacterial_blight/BACTERIALBLIGHT2_085.jpg,bacterial_blight,bacterial_blight,bacterial_blight,True,True,True
data/rice_cls/bacterial_blight/BACTERIALBLIGHT_090.jpg,bacterial_blight,bacterial_blight,bacterial_blight,True,True,True
data/rice_cls/bacterial_blight/BACTERIALBLIGHT2_255.jpg,bacterial_blight,bacterial_blight,bacterial_blight,True,True,True
data/rice_cls/bacterial_blight/BACTERAILBLIGHT5_025.jpg,bacterial_blight,bacterial_blight,bacterial_blight,True,True,True
data/rice_cls/bacterial_blight/BACTERAILBLIGHT5_250.jpg,bacterial_blight,bacterial_blight,bacterial_blight,True,True,True
data/rice_cls/bacterial_blight/BACTERIALBLIGHT1_155.jpg,bacterial_blight,bacterial_blight,bacterial_blight,True,True,True
data/rice_cls/bacterial_blight/BACTERAILBLIGHT4_071.jpg,bacterial_blight,bacterial_blight,bacterial_blight,True,True,True
data/rice_cls/bacterial_blight/BACTERIALBLIGHT_259.jpg,bacterial_blight,bacterial_blight,bacterial_blight,True,True,True
data/rice_cls/bacterial_blight/BACTERIALBLIGHT2_038.jpg,bacterial_blight,bacterial_blight,bacterial_blight,True,True,True
data/rice_cls/bacterial_blight/BACTERAILBLIGHT4_087.jpg,bacterial_blight,bacterial_blight,bacterial_blight,True,True,True
data/rice_cls/bacterial_blight/BACTERIALBLIGHT2_245.jpg,bacterial_blight,bacterial_blight,bacterial_blight,True,True,True
data/rice_cls/bacterial_blight/BACTERIALBLIGHT2_192.jpg,bacterial_blight,bacterial_blight,bacterial_blight,True,True,True
data/rice_cls/bacterial_blight/BACTERAILBLIGHT3_147.jpg,bacterial_blight,bacterial_blight,bacterial_blight,True,True,True
data/rice_cls/bacterial_blight/BACTERIALBLIGHT_008.jpg,bacterial_blight,bacterial_blight,bacterial_blight,True,True,True
data/rice_cls/bacterial_blight/BACTERIALBLIGHT_080.jpg,bacterial_blight,bacterial_blight,bacterial_blight,True,True,True
data/rice_cls/bacterial_blight/BACTERIALBLIGHT_118.jpg,bacterial_blight,bacterial_blight,bacterial_blight,True,True,True
data/rice_cls/bacterial_blight/BACTERAILBLIGHT5_019.jpg,bacterial_blight,bacterial_blight,bacterial_blight,True,True,True
data/rice_cls/bacterial_blight/BACTERIALBLIGHT_053.jpg,bacterial_blight,bacterial_blight,bacterial_blight,True,True,True
data/rice_cls/bacterial_blight/BACTERAILBLIGHT4_166.jpg,bacterial_blight,bacterial_blight,bacterial_blight,True,True,True
data/rice_cls/bacterial_blight/BACTERAILBLIGHT5_200.jpg,bacterial_blight,bacterial_blight,bacterial_blight,True,True,True
data/rice_cls/bacterial_blight/BACTERAILBLIGHT5_231.JPG,bacterial_blight,bacterial_blight,bacterial_blight,True,True,True
data/rice_cls/bacterial_blight/BACTERAILBLIGHT4_070.jpg,bacterial_blight,bacterial_blight,bacterial_blight,True,True,True
data/rice_cls/bacterial_blight/BACTERAILBLIGHT5_220.jpg,bacterial_blight,bacterial_blight,bacterial_blight,True,True,True
data/rice_cls/bacterial_blight/BACTERIALBLIGHT2_246.jpg,bacterial_blight,bacterial_blight,bacterial_blight,True,True,True
data/rice_cls/bacterial_blight/BACTERIALBLIGHT1_137.JPG,bacterial_blight,bacterial_blight,bacterial_blight,True,True,True
data/rice_cls/bacterial_blight/BACTERIALBLIGHT_224.jpg,bacterial_blight,bacterial_blight,bacterial_blight,True,True,True
data/rice_cls/bacterial_blight/BACTERIALBLIGHT_218.jpg,bacterial_blight,bacterial_blight,bacterial_blight,True,True,True
data/rice_cls/bacterial_blight/BACTERAILBLIGHT3_207.jpg,bacterial_blight,bacterial_blight,bacterial_blight,True,True,True
data/rice_cls/bacterial_blight/BACTERIALBLIGHT_244.jpg,bacterial_blight,bacterial_blight,bacterial_blight,True,True,True
data/rice_cls/bacterial_blight/BACTERAILBLIGHT3_164.jpg,bacterial_blight,bacterial_blight,bacterial_blight,True,True,True
data/rice_cls/bacterial_blight/BACTERAILBLIGHT5_065.jpg,bacterial_blight,bacterial_blight,bacterial_blight,True,True,True
data/rice_cls/bacterial_blight/BACTERAILBLIGHT4_203.JPG,bacterial_blight,bacterial_blight,bacterial_blight,True,True,True
data/rice_cls/bacterial_blight/BACTERIALBLIGHT_035.jpg,bacterial_blight,bacterial_blight,bacterial_blight,True,True,True
data/rice_cls/bacterial_blight/BACTERAILBLIGHT3_094.jpg,bacterial_blight,bacterial_blight,bacterial_blight,True,True,True
data/rice_cls/bacterial_blight/BACTERAILBLIGHT3_143.JPG,bacterial_blight,bacterial_blight,bacterial_blight,True,True,True
data/rice_cls/bacterial_blight/BACTERIALBLIGHT_123.jpg,bacterial_blight,bacterial_blight,bacterial_blight,True,True,True
data/rice_cls/bacterial_blight/BACTERAILBLIGHT4_130.jpg,bacterial_blight,bacterial_blight,bacterial_blight,True,True,True
data/rice_cls/bacterial_blight/BACTERIALBLIGHT2_127.jpg,bacterial_blight,bacterial_blight,bacterial_blight,True,True,True
data/rice_cls/bacterial_blight/BACTERAILBLIGHT5_213.jpg,bacterial_blight,bacterial_blight,bacterial_blight,True,True,True
data/rice_cls/bacterial_blight/BACTERIALBLIGHT2_211.jpg,bacterial_blight,bacterial_blight,bacterial_blight,True,True,True
data/rice_cls/bacterial_blight/BACTERIALBLIGHT2_232.JPG,bacterial_blight,bacterial_blight,bacterial_blight,True,True,True
data/rice_cls/bacterial_blight/BACTERAILBLIGHT5_073.jpg,bacterial_blight,bacterial_blight,bacterial_blight,True,True,True
data/rice_cls/bacterial_blight/BACTERIALBLIGHT2_075.jpg,bacterial_blight,bacterial_blight,bacterial_blight,True,True,True
data/rice_cls/bacterial_blight/BACTERAILBLIGHT3_162.jpg,bacterial_blight,bacterial_blight,bacterial_blight,True,True,True
data/rice_cls/bacterial_blight/BACTERAILBLIGHT5_248.jpg,bacterial_blight,bacterial_blight,bacterial_blight,True,True,True
data/rice_cls/bacterial_blight/BACTERAILBLIGHT3_256.jpg,bacterial_blight,bacterial_blight,bacterial_blight,True,True,True
data/rice_cls/bacterial_blight/BACTERIALBLIGHT2_043.jpg,bacterial_blight,bacterial_blight,bacterial_blight,True,True,True
data/rice_cls/bacterial_blight/BACTERIALBLIGHT1_149.jpg,bacterial_blight,bacterial_blight,bacterial_blight,True,True,True
data/rice_cls/bacterial_blight/BACTERIALBLIGHT_175.jpg,bacterial_blight,bacterial_blight,bacterial_blight,True,True,True
data/rice_cls/bacterial_blight/BACTERAILBLIGHT3_089.jpg,bacterial_blight,bacterial_blight,bacterial_blight,True,True,True
data/rice_cls/bacterial_blight/BACTERAILBLIGHT5_014.jpg,bacterial_blight,bacterial_blight,bacterial_blight,True,True,True
data/rice_cls/bacterial_blight/BACTERIALBLIGHT2_181.jpg,bacterial_blight,bacterial_blight,bacterial_blight,True,True,True
data/rice_cls/bacterial_blight/BACTERAILBLIGHT5_177.JPG,bacterial_blight,bacterial_blight,bacterial_blight,True,True,True
data/rice_cls/bacterial_blight/BACTERAILBLIGHT5_208.jpg,bacterial_blight,bacterial_blight,bacterial_blight,True,True,True
data/rice_cls/bacterial_blight/BACTERAILBLIGHT3_199.jpg,bacterial_blight,bacterial_blight,bacterial_blight,True,True,True
data/rice_cls/bacterial_blight/BACTERAILBLIGHT5_251.jpg,bacterial_blight,bacterial_blight,bacterial_blight,True,True,True
data/rice_cls/bacterial_blight/BACTERAILBLIGHT3_190.jpg,bacterial_blight,bacterial_blight,bacterial_blight,True,True,True
data/rice_cls/bacterial_blight/BACTERIALBLIGHT_255.jpg,bacterial_blight,bacterial_blight,bacterial_blight,True,True,True
data/rice_cls/bacterial_blight/BACTERAILBLIGHT5_162.jpg,bacterial_blight,bacterial_blight,bacterial_blight,True,True,True
data/rice_cls/bacterial_blight/BACTERAILBLIGHT4_177.JPG,bacterial_blight,bacterial_blight,bacterial_blight,True,True,True
data/rice_cls/bacterial_blight/BACTERAILBLIGHT4_055.jpg,bacterial_blight,bacterial_blight,bacterial_blight,True,True,True
data/rice_cls/bacterial_blight/BACTERIALBLIGHT_230.JPG,bacterial_blight,bacterial_blight,bacterial_blight,True,True,True
data/rice_cls/bacterial_blight/BACTERAILBLIGHT5_169.jpg,bacterial_blight,bacterial_blight,bacterial_blight,True,True,True
data/rice_cls/bacterial_blight/BACTERIALBLIGHT1_074.jpg,bacterial_blight,bacterial_blight,bacterial_blight,True,True,True
data/rice_cls/bacterial_blight/BACTERIALBLIGHT_110.JPG,bacterial_blight,bacterial_blight,bacterial_blight,True,True,True
data/rice_cls/bacterial_blight/BACTERAILBLIGHT4_063.jpg,bacterial_blight,bacterial_blight,bacterial_blight,True,True,True
data/rice_cls/bacterial_blight/BACTERAILBLIGHT3_014.jpg,bacterial_blight,bacterial_blight,bacterial_blight,True,True,True
data/rice_cls/bacterial_blight/BACTERAILBLIGHT5_042.jpg,bacterial_blight,bacterial_blight,bacterial_blight,True,True,True
data/rice_cls/bacterial_blight/BACTERIALBLIGHT2_151.jpg,bacterial_blight,bacterial_blight,bacterial_blight,True,True,True
data/rice_cls/bacterial_blight/BACTERIALBLIGHT1_128.jpg,bacterial_blight,bacterial_blight,bacterial_blight,True,True,True
data/rice_cls/bacterial_blight/BACTERAILBLIGHT4_188.jpg,bacterial_blight,bacterial_blight,bacterial_blight,True,True,True
data/rice_cls/bacterial_blight/BACTERIALBLIGHT1_068.jpg,bacterial_blight,bacterial_blight,bacterial_blight,True,True,True
data/rice_cls/bacterial_blight/BACTERIALBLIGHT_252.jpg,bacterial_blight,bacterial_blight,bacterial_blight,True,True,True
data/rice_cls/bacterial_blight/BACTERIALBLIGHT_117.jpg,bacterial_blight,bacterial_blight,bacterial_blight,True,True,True
data/rice_cls/bacterial_blight/BACTERIALBLIGHT_011.jpg,bacterial_blight,bacterial_blight,bacterial_blight,True,True,True
data/rice_cls/bacterial_blight/BACTERIALBLIGHT_147.jpg,bacterial_blight,bacterial_blight,bacterial_blight,True,True,True
data/rice_cls/bacterial_blight/BACTERAILBLIGHT4_144.JPG,bacterial_blight,bacterial_blight,bacterial_blight,True,True,True
data/rice_cls/bacterial_blight/BACTERIALBLIGHT2_094.jpg,bacterial_blight,bacterial_blight,bacterial_blight,True,True,True
data/rice_cls/bacterial_blight/BACTERAILBLIGHT3_055.jpg,bacterial_blight,bacterial_blight,bacterial_blight,True,True,True
data/rice_cls/bacterial_blight/BACTERIALBLIGHT2_177.JPG,bacterial_blight,bacterial_blight,bacterial_blight,True,True,True
data/rice_cls/bacterial_blight/BACTERIALBLIGHT1_243.JPG,bacterial_blight,bacterial_blight,bacterial_blight,True,True,True
data/rice_cls/bacterial_blight/BACTERAILBLIGHT4_213.jpg,bacterial_blight,bacterial_blight,bacterial_blight,True,True,True
data/rice_cls/bacterial_blight/BACTERAILBLIGHT4_184.jpg,bacterial_blight,bacterial_blight,bacterial_blight,True,True,True
data/rice_cls/bacterial_blight/BACTERAILBLIGHT3_192.jpg,bacterial_blight,bacterial_blight,bacterial_blight,True,True,True
data/rice_cls/bacterial_blight/BACTERAILBLIGHT3_062.jpg,bacterial_blight,bacterial_blight,bacterial_blight,True,True,True
data/rice_cls/bacterial_blight/BACTERAILBLIGHT3_066.jpg,bacterial_blight,bacterial_blight,bacterial_blight,True,True,True
data/rice_cls/bacterial_blight/BACTERIALBLIGHT1_073.jpg,bacterial_blight,bacterial_blight,bacterial_blight,True,True,True
data/rice_cls/bacterial_blight/BACTERIALBLIGHT2_154.jpg,bacterial_blight,bacterial_blight,bacterial_blight,True,True,True
data/rice_cls/bacterial_blight/BACTERAILBLIGHT3_179.JPG,bacterial_blight,bacterial_blight,bacterial_blight,True,True,True
data/rice_cls/bacterial_blight/BACTERIALBLIGHT2_061.jpg,bacterial_blight,bacterial_blight,bacterial_blight,True,True,True
data/rice_cls/bacterial_blight/BACTERIALBLIGHT_197.jpg,bacterial_blight,bacterial_blight,bacterial_blight,True,True,True
data/rice_cls/bacterial_blight/BACTERIALBLIGHT_066.jpg,bacterial_blight,bacterial_blight,bacterial_blight,True,True,True
data/rice_cls/bacterial_blight/BACTERAILBLIGHT3_210.jpg,bacterial_blight,bacterial_blight,bacterial_blight,True,True,True
data/rice_cls/bacterial_blight/BACTERIALBLIGHT_189.jpg,bacterial_blight,bacterial_blight,bacterial_blight,True,True,True
data/rice_cls/bacterial_blight/BACTERAILBLIGHT4_022.jpg,bacterial_blight,bacterial_blight,bacterial_blight,True,True,True
data/rice_cls/bacterial_blight/BACTERAILBLIGHT4_194.jpg,bacterial_blight,bacterial_blight,bacterial_blight,True,True,True
data/rice_cls/bacterial_blight/BACTERAILBLIGHT4_238.JPG,bacterial_blight,bacterial_blight,bacterial_blight,True,True,True
data/rice_cls/bacterial_blight/BACTERAILBLIGHT5_036.jpg,bacterial_blight,bacterial_blight,bacterial_blight,True,True,True
data/rice_cls/bacterial_blight/BACTERIALBLIGHT_199.jpg,bacterial_blight,bacterial_blight,bacterial_blight,True,True,True
data/rice_cls/bacterial_blight/BACTERAILBLIGHT3_052.jpg,bacterial_blight,bacterial_blight,bacterial_blight,True,True,True
data/rice_cls/bacterial_blight/BACTERAILBLIGHT3_229.JPG,bacterial_blight,bacterial_blight,bacterial_blight,True,True,True
data/rice_cls/bacterial_blight/BACTERIALBLIGHT2_254.jpg,bacterial_blight,bacterial_blight,bacterial_blight,True,True,True
data/rice_cls/blast/BLAST2_048.JPG,blast,blast,blast,True,True,True
data/rice_cls/blast/BLAST4_126.jpg,blast,blast,blast,True,True,True
data/rice_cls/blast/BLAST1_159.jpg,blast,blast,blast,True,True,True
data/rice_cls/blast/BLAST2_158.jpg,blast,blast,blast,True,True,True
data/rice_cls/blast/BLAST9_138.JPG,blast,blast,blast,True,True,True
data/rice_cls/blast/BLAST3_144.JPG,blast,blast,blast,True,True,True
data/rice_cls/blast/BLAST3_074.jpg,blast,brown_spot,blast,False,True,False
data/rice_cls/blast/BLAST7_036.jpg,blast,blast,blast,True,True,True
data/rice_cls/blast/BLAST5_060.JPG,blast,blast,blast,True,True,True
data/rice_cls/blast/BLAST3_119.JPG,blast,blast,blast,True,True,True
data/rice_cls/blast/BLAST3_050.JPG,blast,blast,blast,True,True,True
data/rice_cls/blast/BLAST4_153.jpg,blast,brown_spot,blast,False,True,False
data/rice_cls/blast/BLAST5_103.jpg,blast,blast,blast,True,True,True
data/rice_cls/blast/BLAST1_038.jpg,blast,blast,blast,True,True,True
data/rice_cls/blast/BLAST9_099.jpg,blast,blast,blast,True,True,True
data/rice_cls/blast/BLAST7_082.jpg,blast,blast,blast,True,True,True
data/rice_cls/blast/BLAST6_068.JPG,blast,blast,blast,True,True,True
data/rice_cls/blast/BLAST2_032.jpg,blast,healthy,blast,False,True,False
data/rice_cls/blast/BLAST7_119.JPG,blast,blast,blast,True,True,True
data/rice_cls/blast/BLAST2_102.jpg,blast,blast,blast,True,True,True
data/rice_cls/blast/BLAST5_033.JPG,blast,blast,blast,True,True,True
data/rice_cls/blast/BLAST5_132.JPG,blast,blast,blast,True,True,True
data/rice_cls/blast/BLAST9_124.jpg,blast,blast,blast,True,True,True
data/rice_cls/blast/BLAST4_155.jpg,blast,blast,blast,True,True,True
data/rice_cls/blast/BLAST2_014.jpg,blast,blast,blast,True,True,True
data/rice_cls/blast/BLAST8_099.jpg,blast,blast,blast,True,True,True
data/rice_cls/blast/BLAST9_129.JPG,blast,blast,blast,True,True,True
data/rice_cls/blast/BLAST6_003.jpg,blast,brown_spot,blast,False,True,False
data/rice_cls/blast/BLAST9_035.JPG,blast,blast,blast,True,True,True
data/rice_cls/blast/BLAST5_077.jpg,blast,blast,blast,True,True,True
data/rice_cls/blast/BLAST2_130.JPG,blast,blast,blast,True,True,True
data/rice_cls/blast/BLAST8_074.jpg,blast,brown_spot,blast,False,True,False
data/rice_cls/blast/BLAST2_007.jpg,blast,brown_spot,blast,False,True,False
data/rice_cls/blast/BLAST9_085.jpg,blast,brown_spot,blast,False,True,False
data/rice_cls/blast/BLAST2_148.JPG,blast,blast,blast,True,True,True
data/rice_cls/blast/BLAST8_115.JPG,blast,blast,blast,True,True,True
data/rice_cls/blast/BLAST4_037.JPG,blast,blast,blast,True,True,True
data/rice_cls/blast/BLAST4_102.jpg,blast,blast,blast,True,True,True
data/rice_cls/blast/BLAST5_152.jpg,blast,blast,blast,True,True,True
data/rice_cls/blast/BLAST8_023.jpg,blast,blast,blast,True,True,True
data/rice_cls/blast/BLAST2_034.jpg,blast,blast,blast,True,True,True
data/rice_cls/blast/BLAST5_036.jpg,blast,blast,blast,True,True,True
data/rice_cls/blast/BLAST1_135.JPG,blast,blast,blast,True,True,True
data/rice_cls/blast/BLAST5_046.jpg,blast,blast,blast,True,True,True
data/rice_cls/blast/BLAST1_108.jpg,blast,blast,blast,True,True,True
data/rice_cls/blast/BLAST8_105.jpg,blast,blast,blast,True,True,True
data/rice_cls/blast/BLAST5_053.JPG,blast,blast,blast,True,True,True
data/rice_cls/blast/BLAST6_038.jpg,blast,blast,blast,True,True,True
data/rice_cls/blast/BLAST5_154.jpg,blast,blast,blast,True,True,True
data/rice_cls/blast/BLAST4_100.jpg,blast,blast,blast,True,True,True
data/rice_cls/blast/BLAST5_124.jpg,blast,blast,blast,True,True,True
data/rice_cls/blast/BLAST5_106.jpg,blast,blast,blast,True,True,True
data/rice_cls/blast/BLAST3_006.jpg,blast,blast,blast,True,True,True
data/rice_cls/blast/BLAST8_129.JPG,blast,blast,blast,True,True,True
data/rice_cls/blast/BLAST7_111.JPG,blast,blast,blast,True,True,True
data/rice_cls/blast/BLAST9_091.jpg,blast,blast,blast,True,True,True
data/rice_cls/blast/BLAST6_100.jpg,blast,blast,blast,True,True,True
data/rice_cls/blast/BLAST6_097.jpg,blast,blast,blast,True,True,True
data/rice_cls/blast/BLAST4_028.jpg,blast,blast,blast,True,True,True
data/rice_cls/blast/BLAST1_081.jpg,blast,blast,blast,True,True,True
data/rice_cls/blast/BLAST3_034.jpg,blast,blast,blast,True,True,True
data/rice_cls/blast/BLAST7_074.jpg,blast,brown_spot,blast,False,True,False
data/rice_cls/blast/BLAST2_013.jpg,blast,blast,blast,True,True,True
data/rice_cls/blast/BLAST5_064.JPG,blast,blast,blast,True,True,True
data/rice_cls/blast/BLAST2_052.jpg,blast,blast,blast,True,True,True
data/rice_cls/blast/BLAST6_123.JPG,blast,blast,blast,True,True,True
data/rice_cls/blast/BLAST1_127.JPG,blast,blast,blast,True,True,True
data/rice_cls/blast/BLAST2_149.JPG,blast,bacterial_blight,blast,False,True,False
data/rice_cls/blast/BLAST7_067.JPG,blast,blast,blast,True,True,True
data/rice_cls/blast/BLAST7_015.jpg,blast,blast,blast,True,True,True
data/rice_cls/blast/BLAST8_120.jpg,blast,blast,blast,True,True,True
data/rice_cls/blast/BLAST5_019.jpg,blast,blast,blast,True,True,True
data/rice_cls/blast/BLAST3_066.JPG,blast,blast,blast,True,True,True
data/rice_cls/blast/BLAST8_051.JPG,blast,blast,blast,True,True,True
data/rice_cls/blast/BLAST6_122.jpg,blast,blast,blast,True,True,True
data/rice_cls/blast/BLAST1_085.jpg,blast,brown_spot,blast,False,True,False
data/rice_cls/blast/BLAST8_016.jpg,blast,blast,blast,True,True,True
data/rice_cls/blast/BLAST8_069.JPG,blast,blast,blast,True,True,True
data/rice_cls/blast/BLAST6_148.JPG,blast,blast,blast,True,True,True
data/rice_cls/blast/BLAST5_148.JPG,blast,blast,blast,True,True,True
data/rice_cls/blast/BLAST7_079.jpg,blast,blast,blast,True,True,True
data/rice_cls/blast/BLAST8_097.jpg,blast,blast,blast,True,True,True
data/rice_cls/blast/BLAST8_140.JPG,blast,blast,blast,True,True,True
data/rice_cls/blast/BLAST2_025.jpg,blast,blast,blast,True,True,True
data/rice_cls/blast/BLAST1_158.jpg,blast,blast,blast,True,True,True
data/rice_cls/blast/BLAST4_108.jpg,blast,blast,blast,True,True,True
data/rice_cls/blast/BLAST5_116.jpg,blast,blast,blast,True,True,True
data/rice_cls/blast/BLAST1_117.JPG,blast,blast,blast,True,True,True
data/rice_cls/blast/BLAST1_078.jpg,blast,blast,blast,True,True,True
data/rice_cls/blast/BLAST6_126.jpg,blast,blast,blast,True,True,True
data/rice_cls/blast/BLAST6_146.JPG,blast,blast,blast,True,True,True
data/rice_cls/blast/BLAST9_088.jpg,blast,blast,blast,True,True,True
data/rice_cls/blast/BLAST1_152.jpg,blast,blast,blast,True,True,True
data/rice_cls/blast/BLAST7_080.jpg,blast,blast,blast,True,True,True
data/rice_cls/blast/BLAST5_081.jpg,blast,blast,blast,True,True,True
data/rice_cls/blast/BLAST1_116.jpg,blast,blast,blast,True,True,True
data/rice_cls/blast/BLAST8_092.jpg,blast,blast,blast,True,True,True
data/rice_cls/blast/BLAST4_083.jpg,blast,blast,blast,True,True,True
data/rice_cls/blast/BLAST4_141.jpg,blast,blast,blast,True,True,True
data/rice_cls/blast/BLAST9_014.jpg,blast,blast,blast,True,True,True
data/rice_cls/blast/BLAST6_106.jpg,blast,blast,blast,True,True,True
data/rice_cls/blast/BLAST7_001.jpg,blast,brown_spot,blast,False,True,False
data/rice_cls/blast/BLAST1_140.JPG,blast,blast,blast,True,True,True
data/rice_cls/blast/BLAST6_101.jpg,blast,blast,blast,True,True,True
data/rice_cls/blast/BLAST2_150.JPG,blast,blast,blast,True,True,True
data/rice_cls/blast/BLAST5_008.jpg,blast,blast,blast,True,True,True
data/rice_cls/blast/BLAST9_005.jpg,blast,blast,blast,True,True,True
data/rice_cls/blast/BLAST5_022.jpg,blast,blast,blast,True,True,True
data/rice_cls/blast/BLAST8_160.jpg,blast,brown_spot,blast,False,True,False
data/rice_cls/blast/BLAST9_022.jpg,blast,blast,blast,True,True,True
data/rice_cls/blast/BLAST9_037.JPG,blast,blast,blast,True,True,True
data/rice_cls/blast/BLAST8_037.JPG,blast,blast,blast,True,True,True
data/rice_cls/blast/BLAST6_120.jpg,blast,blast,blast,True,True,True
data/rice_cls/blast/BLAST8_067.JPG,blast,blast,blast,True,True,True
data/rice_cls/blast/BLAST8_035.JPG,blast,blast,blast,True,True,True
data/rice_cls/blast/BLAST6_151.jpg,blast,blast,blast,True,True,True
data/rice_cls/blast/BLAST7_052.jpg,blast,blast,blast,True,True,True
data/rice_cls/blast/BLAST9_007.jpg,blast,brown_spot,blast,False,True,False
data/rice_cls/blast/BLAST3_043.JPG,blast,blast,blast,True,True,True
data/rice_cls/blast/BLAST1_155.jpg,blast,blast,blast,True,True,True
data/rice_cls/blast/BLAST9_063.JPG,blast,blast,blast,True,True,True
data/rice_cls/blast/BLAST2_154.jpg,blast,blast,blast,True,True,True
data/rice_cls/blast/BLAST8_114.jpg,blast,blast,blast,True,True,True
data/rice_cls/blast/BLAST3_036.jpg,blast,blast,blast,True,True,True
data/rice_cls/blast/BLAST3_085.jpg,blast,brown_spot,blast,False,True,False
data/rice_cls/blast/BLAST4_045.JPG,blast,blast,blast,True,True,True
data/rice_cls/blast/BLAST2_140.JPG,blast,blast,blast,True,True,True
data/rice_cls/blast/BLAST2_051.JPG,blast,blast,blast,True,True,True
data/rice_cls/blast/BLAST4_004.jpg,blast,blast,blast,True,True,True
data/rice_cls/blast/BLAST2_143.JPG,blast,blast,blast,True,True,True
data/rice_cls/blast/BLAST9_042.jpg,blast,blast,blast,True,True,True
data/rice_cls/blast/BLAST5_080.jpg,blast,blast,blast,True,True,True
data/rice_cls/blast/BLAST5_076.jpg,blast,blast,blast,True,True,True
data/rice_cls/blast/BLAST3_078.jpg,blast,blast,blast,True,True,True
data/rice_cls/blast/BLAST7_085.jpg,blast,brown_spot,blast,False,True,False
data/rice_cls/blast/BLAST7_127.JPG,blast,blast,blast,True,True,True
data/rice_cls/blast/BLAST9_159.jpg,blast,blast,blast,True,True,True
data/rice_cls/blast/BLAST9_017.jpg,blast,brown_spot,blast,False,True,False
data/rice_cls/blast/BLAST7_086.jpg,blast,blast,blast,True,True,True
data/rice_cls/blast/BLAST1_157.jpg,blast,blast,blast,True,True,True
data/rice_cls/blast/BLAST3_025.jpg,blast,blast,blast,True,True,True
data/rice_cls/blast/BLAST5_043.JPG,blast,blast,blast,True,True,True
data/rice_cls/blast/BLAST3_134.jpg,blast,blast,blast,True,True,True
data/rice_cls/blast/BLAST5_056.JPG,blast,blast,blast,True,True,True
data/rice_cls/blast/BLAST4_156.jpg,blast,blast,blast,True,True,True
data/rice_cls/blast/BLAST6_011.jpg,blast,blast,blast,True,True,True
data/rice_cls/blast/BLAST2_002.jpg,blast,blast,blast,True,True,True
data/rice_cls/blast/BLAST7_114.jpg,blast,blast,blast,True,True,True
data/rice_cls/blast/BLAST6_021.jpg,blast,blast,blast,True,True,True
data/rice_cls/blast/BLAST8_087.jpg,blast,brown_spot,blast,False,True,False
data/rice_cls/blast/BLAST6_093.jpg,blast,blast,blast,True,True,True
data/rice_cls/blast/BLAST4_019.jpg,blast,blast,blast,True,True,True
data/rice_cls/blast/BLAST2_057.JPG,blast,blast,blast,True,True,True
data/rice_cls/blast/BLAST6_095.jpg,blast,brown_spot,blast,False,True,False
data/rice_cls/blast/BLAST2_021.jpg,blast,blast,blast,True,True,True
data/rice_cls/blast/BLAST5_102.jpg,blast,blast,blast,True,True,True
data/rice_cls/blast/BLAST6_143.JPG,blast,blast,blast,True,True,True
data/rice_cls/blast/BLAST8_146.JPG,blast,blast,blast,True,True,True
data/rice_cls/blast/BLAST3_032.jpg,blast,blast,blast,True,True,True
data/rice_cls/blast/BLAST5_026.jpg,blast,blast,blast,True,True,True
data/rice_cls/blast/BLAST1_043.JPG,blast,blast,blast,True,True,True
data/rice_cls/blast/BLAST6_030.jpg,blast,blast,blast,True,True,True
data/rice_cls/blast/BLAST2_076.jpg,blast,blast,blast,True,True,True
data/rice_cls/blast/BLAST9_136.JPG,blast,blast,blast,True,True,True
data/rice_cls/blast/BLAST6_056.JPG,blast,blast,blast,True,True,True
data/rice_cls/blast/BLAST9_032.jpg,blast,blast,blast,True,True,True
data/rice_cls/blast/BLAST6_029.jpg,blast,blast,blast,True,True,True
data/rice_cls/blast/BLAST8_055.jpg,blast,blast,blast,True,True,True
data/rice_cls/blast/BLAST6_080.jpg,blast,blast,blast,True,True,True
data/rice_cls/blast/BLAST8_060.JPG,blast,blast,blast,True,True,True
data/rice_cls/blast/BLAST5_002.jpg,blast,blast,blast,True,True,True
data/rice_cls/blast/BLAST1_160.jpg,blast,brown_spot,blast,False,True,False
data/rice_cls/blast/BLAST6_142.JPG,blast,blast,blast,True,True,True
data/rice_cls/blast/BLAST1_039.JPG,blast,blast,blast,True,True,True
data/rice_cls/blast/BLAST6_094.jpg,blast,blast,blast,True,True,True
data/rice_cls/blast/BLAST1_087.jpg,blast,brown_spot,blast,False,True,False
data/rice_cls/blast/BLAST6_014.jpg,blast,blast,blast,True,True,True
data/rice_cls/blast/BLAST1_148.JPG,blast,blast,blast,True,True,True
data/rice_cls/blast/BLAST5_086.jpg,blast,blast,blast,True,True,True
data/rice_cls/blast/BLAST9_089.jpg,blast,blast,blast,True,True,True
data/rice_cls/blast/BLAST8_025.jpg,blast,blast,blast,True,True,True
data/rice_cls/blast/BLAST7_065.JPG,blast,blast,blast,True,True,True
data/rice_cls/blast/BLAST3_152.jpg,blast,blast,blast,True,True,True
data/rice_cls/blast/BLAST7_131.jpg,blast,blast,blast,True,True,True
data/rice_cls/blast/BLAST5_139.JPG,blast,blast,blast,True,True,True
data/rice_cls/blast/BLAST2_105.jpg,blast,blast,blast,True,True,True
data/rice_cls/blast/BLAST3_040.jpg,blast,blast,blast,True,True,True
data/rice_cls/blast/BLAST6_082.jpg,blast,blast,blast,True,True,True
data/rice_cls/blast/BLAST7_059.JPG,blast,blast,blast,True,True,True
data/rice_cls/blast/BLAST9_142.JPG,blast,blast,blast,True,True,True
data/rice_cls/blast/BLAST2_086.jpg,blast,blast,blast,True,True,True
data/rice_cls/blast/BLAST5_032.jpg,blast,blast,blast,True,True,True
data/rice_cls/blast/BLAST4_113.JPG,blast,blast,blast,True,True,True
data/rice_cls/blast/BLAST4_044.jpg,blast,blast,blast,True,True,True
data/rice_cls/blast/BLAST2_122.jpg,blast,blast,blast,True,True,True
data/rice_cls/blast/BLAST3_113.JPG,blast,blast,blast,True,True,True
data/rice_cls/blast/BLAST4_138.JPG,blast,blast,blast,True,True,True
data/rice_cls/blast/BLAST3_099.jpg,blast,blast,blast,True,True,True
data/rice_cls/blast/BLAST1_016.jpg,blast,blast,blast,True,True,True
data/rice_cls/blast/BLAST1_113.JPG,blast,blast,blast,True,True,True
data/rice_cls/blast/BLAST8_108.jpg,blast,blast,blast,True,True,True
data/rice_cls/blast/BLAST6_010.jpg,blast,blast,blast,True,True,True
data/rice_cls/blast/BLAST3_132.JPG,blast,blast,blast,True,True,True
data/rice_cls/blast/BLAST1_094.jpg,blast,blast,blast,True,True,True
data/rice_cls/blast/BLAST4_152.jpg,blast,blast,blast,True,True,True
data/rice_cls/blast/BLAST9_087.jpg,blast,brown_spot,blast,False,True,False
data/rice_cls/blast/BLAST7_120.jpg,blast,blast,blast,True,True,True
data/rice_cls/blast/BLAST7_037.JPG,blast,blast,blast,True,True,True
data/rice_cls/blast/BLAST8_095.jpg,blast,brown_spot,blast,False,True,False
data/rice_cls/blast/BLAST9_110.jpg,blast,blast,blast,True,True,True
data/rice_cls/blast/BLAST9_109.JPG,blast,blast,blast,True,True,True
data/rice_cls/blast/BLAST4_101.jpg,blast,blast,blast,True,True,True
data/rice_cls/blast/BLAST2_068.JPG,blast,blast,blast,True,True,True
data/rice_cls/blast/BLAST6_081.jpg,blast,brown_spot,blast,False,True,False
data/rice_cls/blast/BLAST5_067.JPG,blast,blast,blast,True,True,True
data/rice_cls/blast/BLAST2_074.jpg,blast,brown_spot,blast,False,True,False
data/rice_cls/blast/BLAST7_090.jpg,blast,blast,blast,True,True,True
data/rice_cls/brown_spot/BROWNSPOT5_086.jpg,brown_spot,brown_spot,brown_spot,True,True,True
data/rice_cls/brown_spot/brownspot_orig_042.jpg,brown_spot,brown_spot,brown_spot,True,True,True
data/rice_cls/brown_spot/BROWNSPOT7_112.jpg,brown_spot,brown_spot,brown_spot,True,True,True
data/rice_cls/brown_spot/BROWNSPOT2_182.jpg,brown_spot,brown_spot,brown_spot,True,True,True
data/rice_cls/brown_spot/BROWNSPOT2_178.jpg,brown_spot,brown_spot,brown_spot,True,True,True
data/rice_cls/brown_spot/BROWNSPOT7_090.jpg,brown_spot,brown_spot,brown_spot,True,True,True
data/rice_cls/brown_spot/BROWNSPOT5_030.jpg,brown_spot,brown_spot,brown_spot,True,True,True
data/rice_cls/brown_spot/BROWNSPOT3_075.jpg,brown_spot,brown_spot,brown_spot,True,True,True
data/rice_cls/brown_spot/BROWNSPOT5_147.jpg,brown_spot,brown_spot,brown_spot,True,True,True
data/rice_cls/brown_spot/BROWNSPOT5_074.jpg,brown_spot,brown_spot,brown_spot,True,True,True
data/rice_cls/brown_spot/BROWNSPOT6_147.jpg,brown_spot,brown_spot,brown_spot,True,True,True
data/rice_cls/brown_spot/BROWNSPOT4_078.jpg,brown_spot,brown_spot,brown_spot,True,True,True
data/rice_cls/brown_spot/BROWNSPOT2_128.jpg,brown_spot,brown_spot,brown_spot,True,True,True
data/rice_cls/brown_spot/BROWNSPOT6_131.jpg,brown_spot,brown_spot,brown_spot,True,True,True
data/rice_cls/brown_spot/BROWNSPOT2_158.jpg,brown_spot,brown_spot,brown_spot,True,True,True
data/rice_cls/brown_spot/BROWNSPOT6_057.jpg,brown_spot,brown_spot,brown_spot,True,True,True
data/rice_cls/brown_spot/BROWNSPOT3_100.jpg,brown_spot,brown_spot,brown_spot,True,True,True
data/rice_cls/brown_spot/BROWNSPOT2_137.jpg,brown_spot,brown_spot,brown_spot,True,True,True
data/rice_cls/brown_spot/brownspot_orig_044.jpg,brown_spot,brown_spot,brown_spot,True,True,True
data/rice_cls/brown_spot/BROWNSPOT7_128.jpg,brown_spot,brown_spot,brown_spot,True,True,True
data/rice_cls/brown_spot/brownspot_orig_084.jpg,brown_spot,brown_spot,brown_spot,True,True,True
data/rice_cls/brown_spot/BROWNSPOT1_047.jpg,brown_spot,brown_spot,brown_spot,True,True,True
data/rice_cls/brown_spot/BROWNSPOT2_036.jpg,brown_spot,brown_spot,brown_spot,True,True,True
data/rice_cls/brown_spot/BROWNSPOT1_092.jpg,brown_spot,brown_spot,brown_spot,True,True,True
data/rice_cls/brown_spot/BROWNSPOT4_015.jpg,brown_spot,bacterial_blight,brown_spot,False,True,False
data/rice_cls/brown_spot/BROWNSPOT1_138.jpg,brown_spot,brown_spot,brown_spot,True,True,True
data/rice_cls/brown_spot/brownspot_rotated_002.jpg,brown_spot,brown_spot,brown_spot,True,True,True
data/rice_cls/brown_spot/BROWNSPOT5_127.jpg,brown_spot,brown_spot,brown_spot,True,True,True
data/rice_cls/brown_spot/brownspot_orig_078.jpg,brown_spot,brown_spot,brown_spot,True,True,True
data/rice_cls/brown_spot/BROWNSPOT1_200.jpg,brown_spot,brown_spot,brown_spot,True,True,True
data/rice_cls/brown_spot/BROWNSPOT5_176.jpg,brown_spot,brown_spot,brown_spot,True,True,True
data/rice_cls/brown_spot/BROWNSPOT7_199.jpg,brown_spot,brown_spot,brown_spot,True,True,True
data/rice_cls/brown_spot/BROWNSPOT5_190.jpg,brown_spot,brown_spot,brown_spot,True,True,True
data/rice_cls/brown_spot/brownspot_rotated_055.jpg,brown_spot,brown_spot,brown_spot,True,True,True
data/rice_cls/brown_spot/BROWNSPOT3_024.jpg,brown_spot,brown_spot,brown_spot,True,True,True
data/rice_cls/brown_spot/BROWNSPOT5_133.jpg,brown_spot,brown_spot,brown_spot,True,True,True
data/rice_cls/brown_spot/BROWNSPOT4_103.jpg,brown_spot,brown_spot,brown_spot,True,True,True
data/rice_cls/brown_spot/BROWNSPOT4_039.jpg,brown_spot,brown_spot,brown_spot,True,True,True
data/rice_cls/brown_spot/BROWNSPOT4_114.jpg,brown_spot,bacterial_blight,brown_spot,False,True,False
data/rice_cls/brown_spot/BROWNSPOT2_091.jpg,brown_spot,brown_spot,brown_spot,True,True,True
data/rice_cls/brown_spot/BROWNSPOT2_038.jpg,brown_spot,brown_spot,brown_spot,True,True,True
data/rice_cls/brown_spot/BROWNSPOT1_176.jpg,brown_spot,brown_spot,brown_spot,True,True,True
data/rice_cls/brown_spot/BROWNSPOT5_052.jpg,brown_spot,brown_spot,brown_spot,True,True,True
data/rice_cls/brown_spot/BROWNSPOT4_006.jpg,brown_spot,brown_spot,brown_spot,True,True,True
data/rice_cls/brown_spot/BROWNSPOT2_015.jpg,brown_spot,bacterial_blight,brown_spot,False,True,False
data/rice_cls/brown_spot/BROWNSPOT5_189.jpg,brown_spot,brown_spot,brown_spot,True,True,True
data/rice_cls/brown_spot/BROWNSPOT1_051.jpg,brown_spot,brown_spot,brown_spot,True,True,True
data/rice_cls/brown_spot/BROWNSPOT4_107.jpg,brown_spot,brown_spot,brown_spot,True,True,True
data/rice_cls/brown_spot/BROWNSPOT2_109.jpg,brown_spot,brown_spot,brown_spot,True,True,True
data/rice_cls/brown_spot/BROWNSPOT6_025.jpg,brown_spot,brown_spot,brown_spot,True,True,True
data/rice_cls/brown_spot/BROWNSPOT7_006.jpg,brown_spot,brown_spot,brown_spot,True,True,True
data/rice_cls/brown_spot/BROWNSPOT7_192.jpg,brown_spot,brown_spot,brown_spot,True,True,True
data/rice_cls/brown_spot/BROWNSPOT5_149.jpg,brown_spot,brown_spot,brown_spot,True,True,True
data/rice_cls/brown_spot/BROWNSPOT5_002.jpg,brown_spot,brown_spot,brown_spot,True,True,True
data/rice_cls/brown_spot/BROWNSPOT4_167.jpg,brown_spot,brown_spot,brown_spot,True,True,True
data/rice_cls/brown_spot/BROWNSPOT5_113.jpg,brown_spot,bacterial_blight,brown_spot,False,True,False
data/rice_cls/brown_spot/BROWNSPOT3_053.jpg,brown_spot,brown_spot,brown_spot,True,True,True
data/rice_cls/brown_spot/BROWNSPOT6_179.jpg,brown_spot,brown_spot,brown_spot,True,True,True
data/rice_cls/brown_spot/brownspot_orig_009.jpg,brown_spot,brown_spot,brown_spot,True,True,True
data/rice_cls/brown_spot/BROWNSPOT6_189.jpg,brown_spot,brown_spot,brown_spot,True,True,True
data/rice_cls/brown_spot/BROWNSPOT6_143.jpg,brown_spot,brown_spot,brown_spot,True,True,True
data/rice_cls/brown_spot/BROWNSPOT6_063.jpg,brown_spot,brown_spot,brown_spot,True,True,True
data/rice_cls/brown_spot/BROWNSPOT6_046.jpg,brown_spot,brown_spot,brown_spot,True,True,True
data/rice_cls/brown_spot/BROWNSPOT3_055.jpg,brown_spot,brown_spot,brown_spot,True,True,True
data/rice_cls/brown_spot/BROWNSPOT3_130.jpg,brown_spot,brown_spot,brown_spot,True,True,True
data/rice_cls/brown_spot/BROWNSPOT2_002.jpg,brown_spot,brown_spot,brown_spot,True,True,True
data/rice_cls/brown_spot/BROWNSPOT1_022.jpg,brown_spot,brown_spot,brown_spot,True,True,True
data/rice_cls/brown_spot/BROWNSPOT2_017.jpg,brown_spot,brown_spot,brown_spot,True,True,True
data/rice_cls/brown_spot/brownspot_rotated_096.jpg,brown_spot,brown_spot,brown_spot,True,True,True
data/rice_cls/brown_spot/BROWNSPOT4_080.jpg,brown_spot,brown_spot,brown_spot,True,True,True
data/rice_cls/brown_spot/BROWNSPOT5_019.jpg,brown_spot,brown_spot,brown_spot,True,True,True
data/rice_cls/brown_spot/BROWNSPOT7_125.jpg,brown_spot,brown_spot,brown_spot,True,True,True
data/rice_cls/brown_spot/BROWNSPOT7_188.jpg,brown_spot,brown_spot,brown_spot,True,True,True
data/rice_cls/brown_spot/BROWNSPOT7_122.jpg,brown_spot,brown_spot,brown_spot,True,True,True
data/rice_cls/brown_spot/BROWNSPOT6_154.jpg,brown_spot,brown_spot,brown_spot,True,True,True
data/rice_cls/brown_spot/BROWNSPOT1_091.jpg,brown_spot,brown_spot,brown_spot,True,True,True
data/rice_cls/brown_spot/BROWNSPOT7_055.jpg,brown_spot,brown_spot,brown_spot,True,True,True
data/rice_cls/brown_spot/BROWNSPOT7_126.jpg,brown_spot,brown_spot,brown_spot,True,True,True
data/rice_cls/brown_spot/BROWNSPOT2_141.jpg,brown_spot,brown_spot,brown_spot,True,True,True
data/rice_cls/brown_spot/BROWNSPOT4_128.jpg,brown_spot,brown_spot,brown_spot,True,True,True
data/rice_cls/brown_spot/BROWNSPOT7_162.jpg,brown_spot,brown_spot,brown_spot,True,True,True
data/rice_cls/brown_spot/BROWNSPOT7_147.jpg,brown_spot,brown_spot,brown_spot,True,True,True
data/rice_cls/brown_spot/BROWNSPOT3_109.jpg,brown_spot,brown_spot,brown_spot,True,True,True
data/rice_cls/brown_spot/BROWNSPOT2_024.jpg,brown_spot,brown_spot,brown_spot,True,True,True
data/rice_cls/brown_spot/BROWNSPOT1_175.jpg,brown_spot,brown_spot,brown_spot,True,True,True
data/rice_cls/brown_spot/BROWNSPOT7_107.jpg,brown_spot,brown_spot,brown_spot,True,True,True
data/rice_cls/brown_spot/brownspot_rotated_030.jpg,brown_spot,brown_spot,brown_spot,True,True,True
data/rice_cls/brown_spot/BROWNSPOT6_100.jpg,brown_spot,brown_spot,brown_spot,True,True,True
data/rice_cls/brown_spot/brownspot_orig_037.jpg,brown_spot,brown_spot,brown_spot,True,True,True
data/rice_cls/brown_spot/BROWNSPOT4_137.jpg,brown_spot,brown_spot,brown_spot,True,True,True
data/rice_cls/brown_spot/BROWNSPOT1_076.jpg,brown_spot,brown_spot,brown_spot,True,True,True
data/rice_cls/brown_spot/BROWNSPOT6_114.jpg,brown_spot,bacterial_blight,brown_spot,False,True,False
data/rice_cls/brown_spot/BROWNSPOT5_057.jpg,brown_spot,brown_spot,brown_spot,True,True,True
data/rice_cls/brown_spot/brownspot_orig_017.jpg,brown_spot,brown_spot,brown_spot,True,True,True
data/rice_cls/brown_spot/BROWNSPOT6_038.jpg,brown_spot,brown_spot,brown_spot,True,True,True
data/rice_cls/brown_spot/BROWNSPOT6_095.jpg,brown_spot,brown_spot,brown_spot,True,True,True
data/rice_cls/brown_spot/BROWNSPOT5_021.jpg,brown_spot,brown_spot,brown_spot,True,True,True
data/rice_cls/brown_spot/BROWNSPOT6_193.jpg,brown_spot,brown_spot,brown_spot,True,True,True
data/rice_cls/brown_spot/brownspot_rotated_006.jpg,brown_spot,brown_spot,brown_spot,True,True,True
data/rice_cls/brown_spot/brownspot_rotated_067.jpg,brown_spot,brown_spot,brown_spot,True,True,True
data/rice_cls/brown_spot/brownspot_rotated_079.jpg,brown_spot,brown_spot,brown_spot,True,True,True
data/rice_cls/brown_spot/BROWNSPOT1_152.jpg,brown_spot,brown_spot,brown_spot,True,True,True
data/rice_cls/brown_spot/BROWNSPOT4_173.jpg,brown_spot,brown_spot,brown_spot,True,True,True
data/rice_cls/brown_spot/BROWNSPOT5_067.jpg,brown_spot,brown_spot,brown_spot,True,True,True
data/rice_cls/brown_spot/brownspot_rotated_097.jpg,brown_spot,brown_spot,brown_spot,True,True,True
data/rice_cls/brown_spot/BROWNSPOT7_149.jpg,brown_spot,brown_spot,brown_spot,True,True,True
data/rice_cls/brown_spot/BROWNSPOT3_118.jpg,brown_spot,brown_spot,brown_spot,True,True,True
data/rice_cls/brown_spot/BROWNSPOT3_096.jpg,brown_spot,brown_spot,brown_spot,True,True,True
data/rice_cls/brown_spot/BROWNSPOT4_021.jpg,brown_spot,brown_spot,brown_spot,True,True,True
data/rice_cls/brown_spot/BROWNSPOT7_098.jpg,brown_spot,brown_spot,brown_spot,True,True,True
data/rice_cls/brown_spot/BROWNSPOT2_086.jpg,brown_spot,brown_spot,brown_spot,True,True,True
data/rice_cls/brown_spot/BROWNSPOT6_023.jpg,brown_spot,brown_spot,brown_spot,True,True,True
data/rice_cls/brown_spot/BROWNSPOT7_179.jpg,brown_spot,brown_spot,brown_spot,True,True,True
data/rice_cls/brown_spot/BROWNSPOT5_038.jpg,brown_spot,brown_spot,brown_spot,True,True,True
data/rice_cls/brown_spot/BROWNSPOT1_142.jpg,brown_spot,brown_spot,brown_spot,True,True,True
data/rice_cls/brown_spot/brownspot_orig_019.jpg,brown_spot,brown_spot,brown_spot,True,True,True
data/rice_cls/brown_spot/brownspot_rotated_001.jpg,brown_spot,brown_spot,brown_spot,True,True,True
data/rice_cls/brown_spot/BROWNSPOT5_098.jpg,brown_spot,brown_spot,brown_spot,True,True,True
data/rice_cls/brown_spot/BROWNSPOT3_030.jpg,brown_spot,brown_spot,brown_spot,True,True,True
data/rice_cls/brown_spot/brownspot_orig_051.jpg,brown_spot,brown_spot,brown_spot,True,True,True
data/rice_cls/brown_spot/BROWNSPOT5_146.jpg,brown_spot,brown_spot,brown_spot,True,True,True
data/rice_cls/brown_spot/BROWNSPOT1_056.jpg,brown_spot,brown_spot,brown_spot,True,True,True
data/rice_cls/brown_spot/BROWNSPOT6_127.jpg,brown_spot,brown_spot,brown_spot,True,True,True
data/rice_cls/brown_spot/BROWNSPOT7_197.jpg,brown_spot,brown_spot,brown_spot,True,True,True
data/rice_cls/brown_spot/BROWNSPOT2_169.jpg,brown_spot,brown_spot,brown_spot,True,True,True
data/rice_cls/brown_spot/BROWNSPOT6_118.jpg,brown_spot,brown_spot,brown_spot,True,True,True
data/rice_cls/brown_spot/BROWNSPOT7_013.jpg,brown_spot,brown_spot,brown_spot,True,True,True
data/rice_cls/brown_spot/BROWNSPOT3_010.jpg,brown_spot,brown_spot,brown_spot,True,True,True
data/rice_cls/brown_spot/BROWNSPOT6_155.jpg,brown_spot,brown_spot,brown_spot,True,True,True
data/rice_cls/brown_spot/BROWNSPOT2_034.jpg,brown_spot,brown_spot,brown_spot,True,True,True
data/rice_cls/brown_spot/BROWNSPOT4_148.jpg,brown_spot,brown_spot,brown_spot,True,True,True
data/rice_cls/brown_spot/BROWNSPOT5_005.jpg,brown_spot,brown_spot,brown_spot,True,True,True
data/rice_cls/brown_spot/BROWNSPOT3_175.jpg,brown_spot,brown_spot,brown_spot,True,True,True
data/rice_cls/brown_spot/BROWNSPOT4_171.jpg,brown_spot,brown_spot,brown_spot,True,True,True
data/rice_cls/brown_spot/BROWNSPOT4_068.jpg,brown_spot,brown_spot,brown_spot,True,True,True
data/rice_cls/brown_spot/BROWNSPOT3_097.jpg,brown_spot,brown_spot,brown_spot,True,True,True
data/rice_cls/brown_spot/BROWNSPOT6_180.jpg,brown_spot,brown_spot,brown_spot,True,True,True
data/rice_cls/brown_spot/BROWNSPOT6_006.jpg,brown_spot,brown_spot,brown_spot,True,True,True
data/rice_cls/brown_spot/BROWNSPOT7_097.jpg,brown_spot,brown_spot,brown_spot,True,True,True
data/rice_cls/brown_spot/brownspot_rotated_008.jpg,brown_spot,brown_spot,brown_spot,True,True,True
data/rice_cls/brown_spot/BROWNSPOT3_197.jpg,brown_spot,brown_spot,brown_spot,True,True,True
data/rice_cls/brown_spot/BROWNSPOT4_054.jpg,brown_spot,brown_spot,brown_spot,True,True,True
data/rice_cls/brown_spot/BROWNSPOT5_016.jpg,brown_spot,brown_spot,brown_spot,True,True,True
data/rice_cls/brown_spot/BROWNSPOT2_164.jpg,brown_spot,brown_spot,brown_spot,True,True,True
data/rice_cls/brown_spot/BROWNSPOT4_044.jpg,brown_spot,brown_spot,brown_spot,True,True,True
data/rice_cls/brown_spot/BROWNSPOT5_182.jpg,brown_spot,brown_spot,brown_spot,True,True,True
data/rice_cls/brown_spot/BROWNSPOT3_012.jpg,brown_spot,bacterial_blight,brown_spot,False,True,False
data/rice_cls/brown_spot/brownspot_orig_024.jpg,brown_spot,brown_spot,brown_spot,True,True,True
data/rice_cls/brown_spot/BROWNSPOT7_036.jpg,brown_spot,brown_spot,brown_spot,True,True,True
data/rice_cls/brown_spot/BROWNSPOT4_057.jpg,brown_spot,brown_spot,brown_spot,True,True,True
data/rice_cls/brown_spot/BROWNSPOT4_016.jpg,brown_spot,brown_spot,brown_spot,True,True,True
data/rice_cls/brown_spot/BROWNSPOT2_079.jpg,brown_spot,brown_spot,brown_spot,True,True,True
data/rice_cls/brown_spot/BROWNSPOT7_018.jpg,brown_spot,brown_spot,brown_spot,True,True,True
data/rice_cls/brown_spot/BROWNSPOT7_134.jpg,brown_spot,brown_spot,brown_spot,True,True,True
data/rice_cls/brown_spot/BROWNSPOT5_082.jpg,brown_spot,brown_spot,brown_spot,True,True,True
data/rice_cls/brown_spot/BROWNSPOT4_086.jpg,brown_spot,brown_spot,brown_spot,True,True,True
data/rice_cls/brown_spot/BROWNSPOT5_102.jpg,brown_spot,brown_spot,brown_spot,True,True,True
data/rice_cls/brown_spot/BROWNSPOT4_075.jpg,brown_spot,brown_spot,brown_spot,True,True,True
data/rice_cls/brown_spot/brownspot_rotated_100.jpg,brown_spot,brown_spot,brown_spot,True,True,True
data/rice_cls/brown_spot/BROWNSPOT7_071.jpg,brown_spot,brown_spot,brown_spot,True,True,True
data/rice_cls/brown_spot/BROWNSPOT4_081.jpg,brown_spot,brown_spot,brown_spot,True,True,True
data/rice_cls/brown_spot/BROWNSPOT5_011.jpg,brown_spot,brown_spot,brown_spot,True,True,True
data/rice_cls/brown_spot/BROWNSPOT1_014.jpg,brown_spot,bacterial_blight,brown_spot,False,True,False
data/rice_cls/brown_spot/BROWNSPOT4_024.jpg,brown_spot,brown_spot,brown_spot,True,True,True
data/rice_cls/brown_spot/BROWNSPOT2_078.jpg,brown_spot,brown_spot,brown_spot,True,True,True
data/rice_cls/brown_spot/BROWNSPOT2_020.jpg,brown_spot,brown_spot,brown_spot,True,True,True
data/rice_cls/brown_spot/BROWNSPOT5_138.jpg,brown_spot,brown_spot,brown_spot,True,True,True
data/rice_cls/brown_spot/BROWNSPOT3_001.jpg,brown_spot,brown_spot,brown_spot,True,True,True
data/rice_cls/brown_spot/BROWNSPOT7_063.jpg,brown_spot,brown_spot,brown_spot,True,True,True
data/rice_cls/brown_spot/BROWNSPOT7_017.jpg,brown_spot,brown_spot,brown_spot,True,True,True
data/rice_cls/brown_spot/BROWNSPOT6_016.jpg,brown_spot,brown_spot,brown_spot,True,True,True
data/rice_cls/brown_spot/BROWNSPOT7_081.jpg,brown_spot,brown_spot,brown_spot,True,True,True
data/rice_cls/brown_spot/brownspot_orig_077.jpg,brown_spot,brown_spot,brown_spot,True,True,True
data/rice_cls/brown_spot/BROWNSPOT3_106.jpg,brown_spot,brown_spot,brown_spot,True,True,True
data/rice_cls/brown_spot/BROWNSPOT3_116.jpg,brown_spot,brown_spot,brown_spot,True,True,True
data/rice_cls/brown_spot/BROWNSPOT4_140.jpg,brown_spot,brown_spot,brown_spot,True,True,True
data/rice_cls/brown_spot/BROWNSPOT1_158.jpg,brown_spot,brown_spot,brown_spot,True,True,True
data/rice_cls/brown_spot/BROWNSPOT5_192.jpg,brown_spot,brown_spot,brown_spot,True,True,True
data/rice_cls/brown_spot/BROWNSPOT4_014.jpg,brown_spot,bacterial_blight,brown_spot,False,True,False
data/rice_cls/brown_spot/BROWNSPOT5_063.jpg,brown_spot,brown_spot,brown_spot,True,True,True
data/rice_cls/brown_spot/BROWNSPOT3_166.jpg,brown_spot,brown_spot,brown_spot,True,True,True
data/rice_cls/brown_spot/BROWNSPOT5_091.jpg,brown_spot,brown_spot,brown_spot,True,True,True
data/rice_cls/brown_spot/BROWNSPOT2_143.jpg,brown_spot,brown_spot,brown_spot,True,True,True
data/rice_cls/brown_spot/BROWNSPOT1_130.jpg,brown_spot,brown_spot,brown_spot,True,True,True
data/rice_cls/brown_spot/BROWNSPOT2_099.jpg,brown_spot,brown_spot,brown_spot,True,True,True
data/rice_cls/brown_spot/BROWNSPOT6_010.jpg,brown_spot,brown_spot,brown_spot,True,True,True
data/rice_cls/brown_spot/BROWNSPOT3_150.jpg,brown_spot,brown_spot,brown_spot,True,True,True
data/rice_cls/brown_spot/BROWNSPOT4_017.jpg,brown_spot,brown_spot,brown_spot,True,True,True
data/rice_cls/brown_spot/BROWNSPOT3_151.jpg,brown_spot,brown_spot,brown_spot,True,True,True
data/rice_cls/brown_spot/BROWNSPOT2_085.jpg,brown_spot,brown_spot,brown_spot,True,True,True
data/rice_cls/brown_spot/brownspot_rotated_054.jpg,brown_spot,brown_spot,brown_spot,True,True,True
data/rice_cls/brown_spot/BROWNSPOT4_180.jpg,brown_spot,brown_spot,brown_spot,True,True,True
data/rice_cls/brown_spot/brownspot_orig_004.jpg,brown_spot,brown_spot,brown_spot,True,True,True
data/rice_cls/brown_spot/BROWNSPOT2_148.jpg,brown_spot,brown_spot,brown_spot,True,True,True
data/rice_cls/brown_spot/BROWNSPOT6_068.jpg,brown_spot,brown_spot,brown_spot,True,True,True
data/rice_cls/brown_spot/BROWNSPOT6_172.jpg,brown_spot,brown_spot,brown_spot,True,True,True
data/rice_cls/brown_spot/BROWNSPOT3_098.jpg,brown_spot,brown_spot,brown_spot,True,True,True
data/rice_cls/brown_spot/BROWNSPOT6_146.jpg,brown_spot,brown_spot,brown_spot,True,True,True
data/rice_cls/brown_spot/brownspot_orig_085.jpg,brown_spot,brown_spot,brown_spot,True,True,True
data/rice_cls/brown_spot/BROWNSPOT1_174.jpg,brown_spot,brown_spot,brown_spot,True,True,True
data/rice_cls/brown_spot/BROWNSPOT4_195.jpg,brown_spot,brown_spot,brown_spot,True,True,True
data/rice_cls/brown_spot/BROWNSPOT5_048.jpg,brown_spot,brown_spot,brown_spot,True,True,True
data/rice_cls/brown_spot/BROWNSPOT3_198.jpg,brown_spot,brown_spot,brown_spot,True,True,True
data/rice_cls/brown_spot/BROWNSPOT1_026.jpg,brown_spot,brown_spot,brown_spot,True,True,True
data/rice_cls/brown_spot/BROWNSPOT4_189.jpg,brown_spot,brown_spot,brown_spot,True,True,True
data/rice_cls/brown_spot/BROWNSPOT4_065.jpg,brown_spot,brown_spot,brown_spot,True,True,True
data/rice_cls/brown_spot/BROWNSPOT7_025.jpg,brown_spot,brown_spot,brown_spot,True,True,True
data/rice_cls/brown_spot/BROWNSPOT7_023.jpg,brown_spot,brown_spot,brown_spot,True,True,True
data/rice_cls/brown_spot/BROWNSPOT1_191.jpg,brown_spot,brown_spot,brown_spot,True,True,True
data/rice_cls/brown_spot/BROWNSPOT6_136.jpg,brown_spot,brown_spot,brown_spot,True,True,True
data/rice_cls/brown_spot/BROWNSPOT4_125.jpg,brown_spot,brown_spot,brown_spot,True,True,True
data/rice_cls/brown_spot/BROWNSPOT1_184.jpg,brown_spot,brown_spot,brown_spot,True,True,True
data/rice_cls/brown_spot/BROWNSPOT1_054.jpg,brown_spot,brown_spot,brown_spot,True,True,True
data/rice_cls/brown_spot/BROWNSPOT2_012.jpg,brown_spot,bacterial_blight,brown_spot,False,True,False
data/rice_cls/brown_spot/BROWNSPOT5_036.jpg,brown_spot,brown_spot,brown_spot,True,True,True
data/rice_cls/brown_spot/BROWNSPOT6_050.jpg,brown_spot,brown_spot,brown_spot,True,True,True
data/rice_cls/brown_spot/BROWNSPOT6_137.jpg,brown_spot,brown_spot,brown_spot,True,True,True
data/rice_cls/brown_spot/BROWNSPOT6_141.jpg,brown_spot,brown_spot,brown_spot,True,True,True
data/rice_cls/brown_spot/BROWNSPOT5_120.jpg,brown_spot,brown_spot,brown_spot,True,True,True
data/rice_cls/brown_spot/BROWNSPOT5_083.jpg,brown_spot,brown_spot,brown_spot,True,True,True
data/rice_cls/brown_spot/BROWNSPOT2_184.jpg,brown_spot,brown_spot,brown_spot,True,True,True
data/rice_cls/brown_spot/BROWNSPOT1_179.jpg,brown_spot,brown_spot,brown_spot,True,True,True
data/rice_cls/brown_spot/BROWNSPOT2_072.jpg,brown_spot,brown_spot,brown_spot,True,True,True
data/rice_cls/brown_spot/BROWNSPOT2_010.jpg,brown_spot,brown_spot,brown_spot,True,True,True
data/rice_cls/brown_spot/BROWNSPOT3_153.jpg,brown_spot,brown_spot,brown_spot,True,True,True
data/rice_cls/brown_spot/brownspot_rotated_060.jpg,brown_spot,brown_spot,brown_spot,True,True,True
data/rice_cls/brown_spot/BROWNSPOT4_138.jpg,brown_spot,brown_spot,brown_spot,True,True,True
data/rice_cls/brown_spot/BROWNSPOT5_111.jpg,brown_spot,bacterial_blight,brown_spot,False,True,False
data/rice_cls/brown_spot/BROWNSPOT4_032.jpg,brown_spot,brown_spot,brown_spot,True,True,True
data/rice_cls/brown_spot/BROWNSPOT1_011.jpg,brown_spot,brown_spot,brown_spot,True,True,True
data/rice_cls/brown_spot/BROWNSPOT1_188.jpg,brown_spot,brown_spot,brown_spot,True,True,True
data/rice_cls/brown_spot/BROWNSPOT2_019.jpg,brown_spot,brown_spot,brown_spot,True,True,True
data/rice_cls/brown_spot/BROWNSPOT4_139.jpg,brown_spot,brown_spot,brown_spot,True,True,True
data/rice_cls/brown_spot/BROWNSPOT4_049.jpg,brown_spot,brown_spot,brown_spot,True,True,True
data/rice_cls/brown_spot/BROWNSPOT4_198.jpg,brown_spot,brown_spot,brown_spot,True,True,True
data/rice_cls/brown_spot/brownspot_rotated_015.jpg,brown_spot,brown_spot,brown_spot,True,True,True
data/rice_cls/brown_spot/BROWNSPOT2_116.jpg,brown_spot,brown_spot,brown_spot,True,True,True
data/rice_cls/brown_spot/BROWNSPOT7_099.jpg,brown_spot,brown_spot,brown_spot,True,True,True
data/rice_cls/brown_spot/brownspot_orig_058.jpg,brown_spot,brown_spot,brown_spot,True,True,True
data/rice_cls/brown_spot/BROWNSPOT4_179.jpg,brown_spot,brown_spot,brown_spot,True,True,True
data/rice_cls/healthy/Healthy (284).jpg,healthy,healthy,healthy,True,True,True
data/rice_cls/healthy/Healthy (151).jpg,healthy,healthy,healthy,True,True,True
data/rice_cls/healthy/Healthy (183).jpg,healthy,healthy,healthy,True,True,True
data/rice_cls/healthy/Healthy (257).jpg,healthy,healthy,healthy,True,True,True
data/rice_cls/healthy/Healthy (475).jpg,healthy,healthy,healthy,True,True,True
data/rice_cls/healthy/Healthy (270).jpg,healthy,healthy,healthy,True,True,True
data/rice_cls/healthy/Healthy (141).jpg,healthy,healthy,healthy,True,True,True
data/rice_cls/healthy/Healthy (437).jpg,healthy,healthy,healthy,True,True,True
data/rice_cls/healthy/Healthy (503).jpg,healthy,healthy,healthy,True,True,True
data/rice_cls/healthy/Healthy (222).jpg,healthy,healthy,healthy,True,True,True
data/rice_cls/healthy/Healthy (386).jpg,healthy,healthy,healthy,True,True,True
data/rice_cls/healthy/Healthy (300).jpg,healthy,healthy,healthy,True,True,True
data/rice_cls/healthy/Healthy (264).jpg,healthy,healthy,healthy,True,True,True
data/rice_cls/healthy/Healthy (250).jpg,healthy,healthy,healthy,True,True,True
data/rice_cls/healthy/Healthy (178).jpg,healthy,healthy,healthy,True,True,True
data/rice_cls/healthy/Healthy (398).jpg,healthy,healthy,healthy,True,True,True
data/rice_cls/healthy/Healthy (404).jpg,healthy,healthy,healthy,True,True,True
data/rice_cls/healthy/Healthy (162).jpg,healthy,healthy,healthy,True,True,True
data/rice_cls/healthy/Healthy (58).jpg,healthy,healthy,healthy,True,True,True
data/rice_cls/healthy/Healthy (102).jpg,healthy,healthy,healthy,True,True,True
data/rice_cls/healthy/Healthy (12).jpg,healthy,healthy,healthy,True,True,True
data/rice_cls/healthy/Healthy (509).jpg,healthy,healthy,healthy,True,True,True
data/rice_cls/healthy/Healthy (449).jpg,healthy,healthy,healthy,True,True,True
data/rice_cls/healthy/Healthy (491).jpg,healthy,healthy,healthy,True,True,True
data/rice_cls/healthy/Healthy (142).jpg,healthy,healthy,healthy,True,True,True
data/rice_cls/healthy/Healthy (152).jpg,healthy,healthy,healthy,True,True,True
data/rice_cls/healthy/Healthy (44).jpg,healthy,healthy,healthy,True,True,True
data/rice_cls/healthy/Healthy (296).jpg,healthy,healthy,healthy,True,True,True
data/rice_cls/healthy/Healthy (243).jpg,healthy,healthy,healthy,True,True,True
data/rice_cls/healthy/Healthy (410).jpg,healthy,healthy,healthy,True,True,True
data/rice_cls/healthy/Healthy (469).jpg,healthy,healthy,healthy,True,True,True
data/rice_cls/healthy/Healthy (265).jpg,healthy,healthy,healthy,True,True,True
data/rice_cls/healthy/Healthy (232).jpg,healthy,healthy,healthy,True,True,True
data/rice_cls/healthy/Healthy (492).jpg,healthy,healthy,healthy,True,True,True
data/rice_cls/healthy/Healthy (117).jpg,healthy,healthy,healthy,True,True,True
data/rice_cls/healthy/Healthy (501).jpg,healthy,healthy,healthy,True,True,True
data/rice_cls/healthy/Healthy (18).jpg,healthy,healthy,healthy,True,True,True
data/rice_cls/healthy/Healthy (474).jpg,healthy,healthy,healthy,True,True,True
data/rice_cls/healthy/Healthy (90).jpg,healthy,healthy,healthy,True,True,True
data/rice_cls/healthy/Healthy (121).jpg,healthy,healthy,healthy,True,True,True
data/rice_cls/healthy/Healthy (312).jpg,healthy,healthy,healthy,True,True,True
data/rice_cls/healthy/Healthy (220).jpg,healthy,healthy,healthy,True,True,True
data/rice_cls/healthy/Healthy (235).jpg,healthy,healthy,healthy,True,True,True
data/rice_cls/healthy/Healthy (309).jpg,healthy,healthy,healthy,True,True,True
data/rice_cls/healthy/Healthy (205).jpg,healthy,healthy,healthy,True,True,True
data/rice_cls/healthy/Healthy (396).jpg,healthy,healthy,healthy,True,True,True
data/rice_cls/healthy/Healthy (217).jpg,healthy,healthy,healthy,True,True,True
data/rice_cls/healthy/Healthy (516).jpg,healthy,healthy,healthy,True,True,True
data/rice_cls/healthy/Healthy (145).jpg,healthy,healthy,healthy,True,True,True
data/rice_cls/healthy/Healthy (73).jpg,healthy,healthy,healthy,True,True,True
data/rice_cls/healthy/Healthy (432).jpg,healthy,healthy,healthy,True,True,True
data/rice_cls/healthy/Healthy (133).jpg,healthy,healthy,healthy,True,True,True
data/rice_cls/healthy/Healthy (334).jpg,healthy,healthy,healthy,True,True,True
data/rice_cls/healthy/Healthy (459).jpg,healthy,healthy,healthy,True,True,True
data/rice_cls/healthy/Healthy (140).jpg,healthy,healthy,healthy,True,True,True
data/rice_cls/healthy/Healthy (66).jpg,healthy,healthy,healthy,True,True,True
data/rice_cls/healthy/Healthy (168).jpg,healthy,healthy,healthy,True,True,True
data/rice_cls/healthy/Healthy (326).jpg,healthy,healthy,healthy,True,True,True
data/rice_cls/healthy/Healthy (407).jpg,healthy,healthy,healthy,True,True,True
data/rice_cls/healthy/Healthy (363).jpg,healthy,healthy,healthy,True,True,True
data/rice_cls/healthy/Healthy (484).jpg,healthy,healthy,healthy,True,True,True
data/rice_cls/healthy/Healthy (15).jpg,healthy,healthy,healthy,True,True,True
data/rice_cls/healthy/Healthy (517).jpg,healthy,healthy,healthy,True,True,True
data/rice_cls/healthy/Healthy (14).jpg,healthy,healthy,healthy,True,True,True
data/rice_cls/healthy/Healthy (408).jpg,healthy,healthy,healthy,True,True,True
data/rice_cls/healthy/Healthy (104).jpg,healthy,healthy,healthy,True,True,True
data/rice_cls/healthy/Healthy (10).jpg,healthy,healthy,healthy,True,True,True
data/rice_cls/healthy/Healthy (315).jpg,healthy,healthy,healthy,True,True,True
data/rice_cls/healthy/Healthy (403).jpg,healthy,healthy,healthy,True,True,True
data/rice_cls/healthy/Healthy (71).jpg,healthy,healthy,healthy,True,True,True
data/rice_cls/healthy/Healthy (290).jpg,healthy,healthy,healthy,True,True,True
data/rice_cls/healthy/Healthy (86).jpg,healthy,healthy,healthy,True,True,True
data/rice_cls/healthy/Healthy (135).jpg,healthy,healthy,healthy,True,True,True
data/rice_cls/healthy/Healthy (247).jpg,healthy,healthy,healthy,True,True,True
data/rice_cls/healthy/Healthy (371).jpg,healthy,healthy,healthy,True,True,True
data/rice_cls/healthy/Healthy (477).jpg,healthy,healthy,healthy,True,True,True
data/rice_cls/healthy/Healthy (429).jpg,healthy,healthy,healthy,True,True,True
data/rice_cls/healthy/Healthy (285).jpg,healthy,healthy,healthy,True,True,True
data/rice_cls/healthy/Healthy (341).jpg,healthy,healthy,healthy,True,True,True
data/rice_cls/tungro/TUNGRO3_022.jpg,tungro,tungro,tungro,True,True,True
data/rice_cls/tungro/TUNGRO4_223.JPG,tungro,tungro,tungro,True,True,True
data/rice_cls/tungro/TUNGRO1_158.JPG,tungro,tungro,tungro,True,True,True
data/rice_cls/tungro/TUNGRO2_195.JPG,tungro,tungro,tungro,True,True,True
data/rice_cls/tungro/TUNGRO5_153.jpg,tungro,tungro,tungro,True,True,True
data/rice_cls/tungro/TUNGRO4_070.jpg,tungro,tungro,tungro,True,True,True
data/rice_cls/tungro/TUNGRO2_008.jpg,tungro,tungro,tungro,True,True,True
data/rice_cls/tungro/TUNGRO4_197.JPG,tungro,tungro,tungro,True,True,True
data/rice_cls/tungro/TUNGRO1_014.jpg,tungro,tungro,tungro,True,True,True
data/rice_cls/tungro/TUNGRO4_157.JPG,tungro,tungro,tungro,True,True,True
data/rice_cls/tungro/TUNGRO5_19.JPG,tungro,tungro,tungro,True,True,True
data/rice_cls/tungro/TUNGRO3_153.JPG,tungro,tungro,tungro,True,True,True
data/rice_cls/tungro/TUNGRO3_169.JPG,tungro,tungro,tungro,True,True,True
data/rice_cls/tungro/TUNGRO4_001.jpg,tungro,tungro,tungro,True,True,True
data/rice_cls/tungro/TUNGRO4_227.JPG,tungro,tungro,tungro,True,True,True
data/rice_cls/tungro/TUNGRO2_180.JPG,tungro,tungro,tungro,True,True,True
data/rice_cls/tungro/TUNGRO3_217.JPG,tungro,tungro,tungro,True,True,True
data/rice_cls/tungro/TUNGRO2_239.JPG,tungro,tungro,tungro,True,True,True
data/rice_cls/tungro/TUNGRO4_228.JPG,tungro,tungro,tungro,True,True,True
data/rice_cls/tungro/TUNGRO1_160.JPG,tungro,tungro,tungro,True,True,True
data/rice_cls/tungro/TUNGRO3_195.JPG,tungro,tungro,tungro,True,True,True
data/rice_cls/tungro/TUNGRO3_222.JPG,tungro,tungro,tungro,True,True,True
data/rice_cls/tungro/TUNGRO3_218.JPG,tungro,tungro,tungro,True,True,True
data/rice_cls/tungro/TUNGRO2_080.jpg,tungro,tungro,tungro,True,True,True
data/rice_cls/tungro/TUNGRO5_104.jpg,tungro,tungro,tungro,True,True,True
data/rice_cls/tungro/TUNGRO5_181.JPG,tungro,tungro,tungro,True,True,True
data/rice_cls/tungro/TUNGRO3_007.jpg,tungro,tungro,tungro,True,True,True
data/rice_cls/tungro/TUNGRO4_237.JPG,tungro,tungro,tungro,True,True,True
data/rice_cls/tungro/TUNGRO1_212.JPG,tungro,tungro,tungro,True,True,True
data/rice_cls/tungro/TUNGRO3_110.JPG,tungro,tungro,tungro,True,True,True
data/rice_cls/tungro/TUNGRO1_082.jpg,tungro,tungro,tungro,True,True,True
data/rice_cls/tungro/TUNGRO1_096.JPG,tungro,tungro,tungro,True,True,True
data/rice_cls/tungro/TUNGRO4_101.JPG,tungro,tungro,tungro,True,True,True
data/rice_cls/tungro/TUNGRO4_131.JPG,tungro,tungro,tungro,True,True,True
data/rice_cls/tungro/TUNGRO3_241.JPG,tungro,tungro,tungro,True,True,True
data/rice_cls/tungro/TUNGRO3_186.JPG,tungro,tungro,tungro,True,True,True
data/rice_cls/tungro/TUNGRO4_230.JPG,tungro,tungro,tungro,True,True,True
data/rice_cls/tungro/TUNGRO2_147.JPG,tungro,tungro,tungro,True,True,True
data/rice_cls/tungro/TUNGRO1_088.jpg,tungro,tungro,tungro,True,True,True
data/rice_cls/tungro/TUNGRO2_203.JPG,tungro,tungro,tungro,True,True,True
data/rice_cls/tungro/TUNGRO3_203.JPG,tungro,tungro,tungro,True,True,True
data/rice_cls/tungro/TUNGRO2_265.JPG,tungro,tungro,tungro,True,True,True
data/rice_cls/tungro/TUNGRO1_129.JPG,tungro,tungro,tungro,True,True,True
data/rice_cls/tungro/TUNGRO2_198.JPG,tungro,tungro,tungro,True,True,True
data/rice_cls/tungro/TUNGRO4_168.JPG,tungro,tungro,tungro,True,True,True
data/rice_cls/tungro/TUNGRO2_172.JPG,tungro,tungro,tungro,True,True,True
data/rice_cls/tungro/TUNGRO1_083.jpg,tungro,tungro,tungro,True,True,True
data/rice_cls/tungro/TUNGRO5_191.JPG,tungro,tungro,tungro,True,True,True
data/rice_cls/tungro/TUNGRO4_160.JPG,tungro,tungro,tungro,True,True,True
data/rice_cls/tungro/TUNGRO2_023.jpg,tungro,tungro,tungro,True,True,True
data/rice_cls/tungro/TUNGRO5_27.JPG,tungro,tungro,tungro,True,True,True
data/rice_cls/tungro/TUNGRO5_145.JPG,tungro,tungro,tungro,True,True,True
data/rice_cls/tungro/TUNGRO2_090.jpg,tungro,tungro,tungro,True,True,True
data/rice_cls/tungro/TUNGRO2_050.jpg,tungro,tungro,tungro,True,True,True
data/rice_cls/tungro/TUNGRO4_083.jpg,tungro,tungro,tungro,True,True,True
data/rice_cls/tungro/TUNGRO2_011.jpg,tungro,tungro,tungro,True,True,True
data/rice_cls/tungro/TUNGRO4_222.JPG,tungro,tungro,tungro,True,True,True
data/rice_cls/tungro/TUNGRO2_063.jpg,tungro,tungro,tungro,True,True,True
data/rice_cls/tungro/TUNGRO2_213.JPG,tungro,tungro,tungro,True,True,True
data/rice_cls/tungro/TUNGRO1_022.jpg,tungro,tungro,tungro,True,True,True
data/rice_cls/tungro/TUNGRO4_198.JPG,tungro,tungro,tungro,True,True,True
data/rice_cls/tungro/TUNGRO3_192.JPG,tungro,tungro,tungro,True,True,True
data/rice_cls/tungro/TUNGRO3_259.JPG,tungro,tungro,tungro,True,True,True
data/rice_cls/tungro/TUNGRO1_186.JPG,tungro,tungro,tungro,True,True,True
data/rice_cls/tungro/TUNGRO4_215.JPG,tungro,tungro,tungro,True,True,True
data/rice_cls/tungro/TUNGRO4_196.JPG,tungro,tungro,tungro,True,True,True
data/rice_cls/tungro/TUNGRO4_121.JPG,tungro,tungro,tungro,True,True,True
data/rice_cls/tungro/TUNGRO1_275.JPG,tungro,tungro,tungro,True,True,True
data/rice_cls/tungro/TUNGRO5_47.JPG,tungro,tungro,tungro,True,True,True
data/rice_cls/tungro/TUNGRO2_181.JPG,tungro,tungro,tungro,True,True,True
data/rice_cls/tungro/TUNGRO3_250.JPG,tungro,tungro,tungro,True,True,True
data/rice_cls/tungro/TUNGRO3_196.JPG,tungro,tungro,tungro,True,True,True
data/rice_cls/tungro/TUNGRO2_028.jpg,tungro,tungro,tungro,True,True,True
data/rice_cls/tungro/TUNGRO4_136.JPG,tungro,tungro,tungro,True,True,True
data/rice_cls/tungro/TUNGRO4_275.JPG,tungro,tungro,tungro,True,True,True
data/rice_cls/tungro/TUNGRO5_103.jpg,tungro,tungro,tungro,True,True,True
data/rice_cls/tungro/TUNGRO2_257.JPG,tungro,tungro,tungro,True,True,True
data/rice_cls/tungro/TUNGRO5_189.JPG,tungro,tungro,tungro,True,True,True
data/rice_cls/tungro/TUNGRO1_076.jpg,tungro,tungro,tungro,True,True,True
data/rice_cls/tungro/TUNGRO2_159.JPG,tungro,tungro,tungro,True,True,True
data/rice_cls/tungro/TUNGRO3_276.JPG,tungro,tungro,tungro,True,True,True
data/rice_cls/tungro/TUNGRO5_169.JPG,tungro,tungro,tungro,True,True,True
data/rice_cls/tungro/TUNGRO5_174.JPG,tungro,tungro,tungro,True,True,True
data/rice_cls/tungro/TUNGRO5_88.JPG,tungro,tungro,tungro,True,True,True
data/rice_cls/tungro/TUNGRO4_208.JPG,tungro,tungro,tungro,True,True,True
data/rice_cls/tungro/TUNGRO1_039.jpg,tungro,tungro,tungro,True,True,True
data/rice_cls/tungro/TUNGRO1_155.JPG,tungro,tungro,tungro,True,True,True
data/rice_cls/tungro/TUNGRO1_157.JPG,tungro,tungro,tungro,True,True,True
data/rice_cls/tungro/TUNGRO2_263.JPG,tungro,tungro,tungro,True,True,True
data/rice_cls/tungro/TUNGRO2_126.JPG,tungro,tungro,tungro,True,True,True
data/rice_cls/tungro/TUNGRO4_273.JPG,tungro,tungro,tungro,True,True,True
data/rice_cls/tungro/TUNGRO2_010.jpg,tungro,tungro,tungro,True,True,True
data/rice_cls/tungro/TUNGRO3_021.jpg,tungro,tungro,tungro,True,True,True
data/rice_cls/tungro/TUNGRO1_168.JPG,tungro,tungro,tungro,True,True,True
data/rice_cls/tungro/TUNGRO2_083.jpg,tungro,tungro,tungro,True,True,True
data/rice_cls/tungro/TUNGRO1_223.JPG,tungro,tungro,tungro,True,True,True
data/rice_cls/tungro/TUNGRO5_118.JPG,tungro,tungro,tungro,True,True,True
data/rice_cls/tungro/TUNGRO5_41.JPG,tungro,tungro,tungro,True,True,True
data/rice_cls/tungro/TUNGRO3_072.jpg,tungro,tungro,tungro,True,True,True
data/rice_cls/tungro/TUNGRO3_181.JPG,tungro,tungro,tungro,True,True,True
data/rice_cls/tungro/TUNGRO4_082.jpg,tungro,tungro,tungro,True,True,True
data/rice_cls/tungro/TUNGRO4_117.JPG,tungro,tungro,tungro,True,True,True
data/rice_cls/tungro/TUNGRO4_152.JPG,tungro,tungro,tungro,True,True,True
data/rice_cls/tungro/TUNGRO3_126.JPG,tungro,tungro,tungro,True,True,True
data/rice_cls/tungro/TUNGRO1_276.JPG,tungro,tungro,tungro,True,True,True
data/rice_cls/tungro/TUNGRO3_183.JPG,tungro,tungro,tungro,True,True,True
data/rice_cls/tungro/TUNGRO3_013.jpg,tungro,tungro,tungro,True,True,True
data/rice_cls/tungro/TUNGRO4_063.jpg,tungro,tungro,tungro,True,True,True
data/rice_cls/tungro/TUNGRO2_177.JPG,tungro,tungro,tungro,True,True,True
data/rice_cls/tungro/TUNGRO2_228.JPG,tungro,tungro,tungro,True,True,True
data/rice_cls/tungro/TUNGRO3_088.jpg,tungro,tungro,tungro,True,True,True
data/rice_cls/tungro/TUNGRO1_010.jpg,tungro,tungro,tungro,True,True,True
data/rice_cls/tungro/TUNGRO2_069.jpg,tungro,tungro,tungro,True,True,True
data/rice_cls/tungro/TUNGRO4_047.jpg,tungro,tungro,tungro,True,True,True
data/rice_cls/tungro/TUNGRO3_094.JPG,tungro,tungro,tungro,True,True,True
data/rice_cls/tungro/TUNGRO3_193.JPG,tungro,tungro,tungro,True,True,True
data/rice_cls/tungro/TUNGRO5_146.JPG,tungro,tungro,tungro,True,True,True
data/rice_cls/tungro/TUNGRO5_144.JPG,tungro,tungro,tungro,True,True,True
data/rice_cls/tungro/TUNGRO2_036.jpg,tungro,tungro,tungro,True,True,True
data/rice_cls/tungro/TUNGRO5_179.JPG,tungro,tungro,tungro,True,True,True
data/rice_cls/tungro/TUNGRO3_073.jpg,tungro,tungro,tungro,True,True,True
data/rice_cls/tungro/TUNGRO3_119.JPG,tungro,tungro,tungro,True,True,True
data/rice_cls/tungro/TUNGRO4_092.JPG,tungro,tungro,tungro,True,True,True
data/rice_cls/tungro/TUNGRO4_165.JPG,tungro,tungro,tungro,True,True,True
data/rice_cls/tungro/TUNGRO3_097.JPG,tungro,tungro,tungro,True,True,True
data/rice_cls/tungro/TUNGRO2_120.JPG,tungro,tungro,tungro,True,True,True
data/rice_cls/tungro/TUNGRO1_143.JPG,tungro,tungro,tungro,True,True,True
data/rice_cls/tungro/TUNGRO3_030.jpg,tungro,tungro,tungro,True,True,True
data/rice_cls/tungro/TUNGRO1_205.JPG,tungro,tungro,tungro,True,True,True
data/rice_cls/tungro/TUNGRO2_204.JPG,tungro,tungro,tungro,True,True,True
data/rice_cls/tungro/TUNGRO1_263.JPG,tungro,tungro,tungro,True,True,True
data/rice_cls/tungro/TUNGRO3_178.JPG,tungro,tungro,tungro,True,True,True
data/rice_cls/tungro/TUNGRO3_124.JPG,tungro,tungro,tungro,True,True,True
data/rice_cls/tungro/TUNGRO4_167.JPG,tungro,tungro,tungro,True,True,True
data/rice_cls/tungro/TUNGRO5_172.JPG,tungro,tungro,tungro,True,True,True
data/rice_cls/tungro/TUNGRO2_128.JPG,tungro,tungro,tungro,True,True,True
data/rice_cls/tungro/TUNGRO1_202.JPG,tungro,tungro,tungro,True,True,True
data/rice_cls/tungro/TUNGRO2_237.JPG,tungro,tungro,tungro,True,True,True
data/rice_cls/tungro/TUNGRO1_138.JPG,tungro,tungro,tungro,True,True,True
data/rice_cls/tungro/TUNGRO3_042.jpg,tungro,tungro,tungro,True,True,True
data/rice_cls/tungro/TUNGRO1_150.JPG,tungro,tungro,tungro,True,True,True
data/rice_cls/tungro/TUNGRO5_114.jpg,tungro,tungro,tungro,True,True,True
data/rice_cls/tungro/TUNGRO4_114.JPG,tungro,tungro,tungro,True,True,True
data/rice_cls/tungro/TUNGRO5_113.jpg,tungro,tungro,tungro,True,True,True
data/rice_cls/tungro/TUNGRO1_112.JPG,tungro,tungro,tungro,True,True,True
data/rice_cls/tungro/TUNGRO5_147.JPG,tungro,tungro,tungro,True,True,True
data/rice_cls/tungro/TUNGRO2_095.JPG,tungro,tungro,tungro,True,True,True
data/rice_cls/tungro/TUNGRO1_235.JPG,tungro,tungro,tungro,True,True,True
data/rice_cls/tungro/TUNGRO2_121.JPG,tungro,tungro,tungro,True,True,True
data/rice_cls/tungro/TUNGRO2_241.JPG,tungro,tungro,tungro,True,True,True
data/rice_cls/tungro/TUNGRO2_176.JPG,tungro,tungro,tungro,True,True,True
data/rice_cls/tungro/TUNGRO2_100.JPG,tungro,tungro,tungro,True,True,True
data/rice_cls/tungro/TUNGRO2_053.jpg,tungro,tungro,tungro,True,True,True
data/rice_cls/tungro/TUNGRO2_015.jpg,tungro,tungro,tungro,True,True,True
data/rice_cls/tungro/TUNGRO4_219.JPG,tungro,tungro,tungro,True,True,True
data/rice_cls/tungro/TUNGRO4_015.jpg,tungro,tungro,tungro,True,True,True
data/rice_cls/tungro/TUNGRO2_157.JPG,tungro,tungro,tungro,True,True,True
data/rice_cls/tungro/TUNGRO3_151.JPG,tungro,tungro,tungro,True,True,True
data/rice_cls/tungro/TUNGRO2_154.JPG,tungro,tungro,tungro,True,True,True
data/rice_cls/tungro/TUNGRO3_071.jpg,tungro,tungro,tungro,True,True,True
data/rice_cls/tungro/TUNGRO1_175.JPG,tungro,tungro,tungro,True,True,True
data/rice_cls/tungro/TUNGRO5_110.jpg,tungro,tungro,tungro,True,True,True
data/rice_cls/tungro/TUNGRO4_270.JPG,tungro,tungro,tungro,True,True,True
data/rice_cls/tungro/TUNGRO3_254.JPG,tungro,tungro,tungro,True,True,True
data/rice_cls/tungro/TUNGRO5_200.JPG,tungro,tungro,tungro,True,True,True
data/rice_cls/tungro/TUNGRO5_157.jpg,tungro,tungro,tungro,True,True,True
data/rice_cls/tungro/TUNGRO1_011.jpg,tungro,tungro,tungro,True,True,True
data/rice_cls/tungro/TUNGRO1_086.jpg,tungro,tungro,tungro,True,True,True
data/rice_cls/tungro/TUNGRO1_253.JPG,tungro,tungro,tungro,True,True,True
data/rice_cls/tungro/TUNGRO2_013.jpg,tungro,tungro,tungro,True,True,True
data/rice_cls/tungro/TUNGRO5_124.JPG,tungro,tungro,tungro,True,True,True
data/rice_cls/tungro/TUNGRO5_121.JPG,tungro,tungro,tungro,True,True,True
data/rice_cls/tungro/TUNGRO1_023.jpg,tungro,tungro,tungro,True,True,True
data/rice_cls/tungro/TUNGRO3_211.JPG,tungro,tungro,tungro,True,True,True
data/rice_cls/tungro/TUNGRO3_057.jpg,tungro,tungro,tungro,True,True,True
data/rice_cls/tungro/TUNGRO2_019.jpg,tungro,tungro,tungro,True,True,True
data/rice_cls/tungro/TUNGRO3_051.jpg,tungro,tungro,tungro,True,True,True
data/rice_cls/tungro/TUNGRO5_107.jpg,tungro,tungro,tungro,True,True,True
data/rice_cls/tungro/TUNGRO3_247.JPG,tungro,tungro,tungro,True,True,True
data/rice_cls/tungro/TUNGRO2_003.jpg,tungro,tungro,tungro,True,True,True
data/rice_cls/tungro/TUNGRO2_174.JPG,tungro,tungro,tungro,True,True,True
data/rice_cls/tungro/TUNGRO4_262.JPG,tungro,tungro,tungro,True,True,True
data/rice_cls/tungro/TUNGRO2_044.jpg,tungro,tungro,tungro,True,True,True
data/rice_cls/tungro/TUNGRO4_140.JPG,tungro,tungro,tungro,True,True,True
data/rice_cls/tungro/TUNGRO1_064.jpg,tungro,tungro,tungro,True,True,True
data/rice_cls/tungro/TUNGRO3_256.JPG,tungro,tungro,tungro,True,True,True
data/rice_cls/tungro/TUNGRO3_228.JPG,tungro,tungro,tungro,True,True,True
data/rice_cls/tungro/TUNGRO4_066.jpg,tungro,tungro,tungro,True,True,True
data/rice_cls/tungro/TUNGRO3_023.jpg,tungro,tungro,tungro,True,True,True
data/rice_cls/tungro/TUNGRO1_178.JPG,tungro,tungro,tungro,True,True,True
data/rice_cls/tungro/TUNGRO5_4.jpg,tungro,tungro,tungro,True,True,True
data/rice_cls/tungro/TUNGRO3_064.jpg,tungro,tungro,tungro,True,True,True
data/rice_cls/tungro/TUNGRO3_040.jpg,tungro,tungro,tungro,True,True,True
data/rice_cls/tungro/TUNGRO1_218.JPG,tungro,tungro,tungro,True,True,True
data/rice_cls/tungro/TUNGRO4_199.JPG,tungro,tungro,tungro,True,True,True
data/rice_cls/tungro/TUNGRO3_179.JPG,tungro,tungro,tungro,True,True,True
data/rice_cls/tungro/TUNGRO1_149.JPG,tungro,tungro,tungro,True,True,True
